{"doc_id": "0", "name": "2006_08_humanities_student_major_0_reddit_com", "namespace": "we1sv2.0", "metapath": "", "pub": "reddit.com", "title": "2006-08-humanities-student-major_0_reddit.com.txt", "pub_date": "2006-08-01T00:00:00Z", "Sentiment": "0.054", "Subjectivity": "0.315", "Score": "12", "Upvotes": "12", "Downvotes": "0", "Wordcount": "1248", "Permalink": "None", "Threadlink": "None", "Parent_id": "t1_cbw9w", "Reddit_id": "cbxz7", "Subreddit_id": "t5_6", "Commenter": "headfake", "length": "7212", "content_scrubbed": "Ideas for replacing it? Yeah, I'll bite.\n\n1. More academics and people in the business world expressing the notion that a degree is a *means* to an end, not an end itself. If you want to be a doctor, you'd best get a degree. If you want to be a musician, maybe not. Not to idolize him any more than he already is on this site, but I think Paul Graham is a great example of this -- it would be better if there were more people out there advocating for different career tracks besides entrepreneurs and programrs. Not all careers need to be taught in the classroom, and it[.] laughable to think that they should all take the same number of years to learn.\n\n2. Make it easier to opt in and out of the education system, learn at different paces, and fight the stigma of being in the educational system later in life. There should be a minimum amount of time that kids spend on education (like the minimum hours for a full schedule in college), and it shouldn't all have to be in school. If they want to take an apprenticeship, that should count, and it should be accountable, and hopefully accredited.\n\n3. More classes in school that prepare kids for what they'll have to do in real life. (I'm sorry, but the \"liberal_arts makes you well-rounded\" stuff is crap, and this is coming from a liberal_arts major. If liberal_arts is great 'cause it teaches critical thinking skills, teach critical thinking skills. If it teaches lessons on morality and the human condition, why not friggin' take ethics and throw some law stuff in there to boot?) Teach financial management. Help kids start businesses, for god[.] sake. Have them compete in play stock markets.\n\n4. FUCKING RAISE TEACHERS' SALARIES. SMART, TALENTED TEACHERS SHOULD WANT TO WORK IN ACADEMIA, NOT HAVE TO SACRIFICE THEIR FUTURES AND THEIR CHILDREN'S FUTURES ON ALTRUISM.\n\n5. Elementary school should be for teaching basic skills: reading, writing, using computers (nowadays), research, working in groups, problem-solving. \n\n6. High school should be for deciding on your career path, it should be flexible, and it should last as long as it fucking has to. If you don't know what you want to do in college, you shouldn't have to waste thousands of dollars a year on what essentially amounts to more high school. It should also prepare you for real life -- apprenticeships and financial management classes, etc, as above. I shouldn't have had to figure out taxes by getting thrown in at the deep end on my first job. Or taking interviews.\n\n7. Colleges and universities should be for acquiring specialized knowledge and finishing out any secondary career paths. There should be no generalized curricula, no across-the-board requirements. Of course there should be support here and at all levels for those who want to broaden their horizons, but there[.] no fucking way that as a Computer Science major I should have to risk my GPA on an English class I want to take, nor should it be required if it doesn't have the slightest bit of fucking relevance to my job.\n\n8. Standards at every level of elementary school and high school, better individual tracking of students, and targeted instruction where it[.] needed. Get rid of 'grades' entirely. Segment classes by skill, move kids through quicker or slower based on individual test performance, and include a reasonable mix of talents at every level. Make it clear that being better or worse at one subject or another is not a stigma. Concentration on identifying and encouraging talents and helping kids to develop the minimum of skills that they need to function in society (grammar, basic math), no matter how long it takes. Most of this stuff can be learned by almost everybody, and it[.] sad that many college students can't spell properly or form complete sentences.\n\n9. Safe psychological spaces for students. Give them places to aggregate that are largely self-policed and where adults can only intervene if there is a clear danger. For me in high school, this was debate. It could also be sports, chess club, drama. Outdoor schools. Businesses. It could just be hanging out. But somewhere that they know they're not being spied on all the time. Kids are going to sneak out to get out from under the all-watching eye of adults, it just gives adults psychological security 'cause they don't know about it; better to just give them a place to go so that they don't have to. It would be safer for them and it would remove a lot of the stigma of compulsory rebellion that leads to things like teenage drinking.\n\n10. Join kids together on a national level, through competitive associations and through the internet. In debate, we travelled nationally and there was a well-known community of kids competing from coast to coast. You knew those who were the best, and at least recognized many more. We posted on message boards, went to camps together, and argued about a whole range of topics. I still know many of these people, some of whom I've never met. Many kids go to small schools and need to be connected with the wider world.\n\n11. Dismantle completely the current standardized-test regime and the corrupt textbook and curricula development machine. These parts of the educational system are an absolute sham, and it[.] very well-documented.\n\n12. An acknowledgment that children are real people. High school students get treated like robots. It[.] horrific. Most adults don't even realize when they're talking down to kids, and it[.] infuriating. It[.] like they're talking to someone who[.] mentally handicapped or something. Adults need to get over the notion that just because they're older they have 'wisdom' and kids can't understand it. Most every adult I know is still no more mature than many of the kids I know -- they're just better at hiding it. All the adults I knew growing up get high and do stupid shit romantically and get depressed and gossip and backstab and drink too much. They've just created this Santa Claus myth with kids that 'maturity' means they've moved past all that. Bullshit. The only difference is that adults are more moderate, have less to prove, are better at avoiding consequences, and have less energy and time to do stupid shit. It[.] pride and it[.] crap.\n\n13. On that note, we need a reasonable definition of 'maturity.' Maturity is when you can do the boring shit like keeping your apartment clean and pay your bills. It means doing the maintenance stuff that keeps you from living like a college student, and recognizing that life is mostly a lot of silly stuff that adds up to a manageable and enjoyable experience. Procrastinating is easy, but it[.] a lot harder in the long_term.\n\n14. Besides grades, less arbitrary divisions in general. We had them in the past because we needed rubrics, but smart people should be able to come up with specific tests for aptitude. Voting should be based on an ability to understand civics, and that should be tied to driving. Or holding down a job should be tied to driving. The testing regime should measure kids' ability to be responsible members of society, not assume that they're responsible because they've reached a certain age.\n\nThat[.] the top of my head. I might post more here if I come up with anything. Is that a good start?", "features": "[[\"Ideas\",\"idea\",\"NOUN\",\"NNS\",[\"Ideas\",\"O\",\"\"]],[\"for\",\"for\",\"ADP\",\"IN\",[\"for\",\"O\",\"\"]],[\"replacing\",\"replace\",\"VERB\",\"VBG\",[\"replacing\",\"O\",\"\"]],[\"it\",\"-PRON-\",\"PRON\",\"PRP\",[\"it\",\"O\",\"\"]],[\"?\",\"?\",\"PUNCT\",\".\",[\"?\",\"O\",\"\"]],[\"Yeah\",\"yeah\",\"INTJ\",\"UH\",[\"Yeah\",\"O\",\"\"]],[\",\",\",\",\"PUNCT\",\",\",[\",\",\"O\",\"\"]],[\"I\",\"-PRON-\",\"PRON\",\"PRP\",[\"I\",\"O\",\"\"]],[\"'ll\",\"will\",\"VERB\",\"MD\",[\"'ll\",\"O\",\"\"]],[\"bite\",\"bite\",\"VERB\",\"VB\",[\"bite\",\"O\",\"\"]],[\".\",\".\",\"PUNCT\",\".\",[\".\",\"O\",\"\"]],[\"\\n\\n\",\"\\n\\n\",\"SPACE\",\"_SP\",[\"\\n\\n\",\"O\",\"\"]],[\"1\",\"1\",\"NUM\",\"CD\",[\"1\",\"B\",\"CARDINAL\"]],[\".\",\".\",\"PUNCT\",\".\",[\".\",\"O\",\"\"]],[\"More\",\"more\",\"ADJ\",\"JJR\",[\"More\",\"O\",\"\"]],[\"academics\",\"academic\",\"NOUN\",\"NNS\",[\"academics\",\"O\",\"\"]],[\"and\",\"and\",\"CCONJ\",\"CC\",[\"and\",\"O\",\"\"]],[\"people\",\"people\",\"NOUN\",\"NNS\",[\"people\",\"O\",\"\"]],[\"in\",\"in\",\"ADP\",\"IN\",[\"in\",\"O\",\"\"]],[\"the\",\"the\",\"DET\",\"DT\",[\"the\",\"O\",\"\"]],[\"business\",\"business\",\"NOUN\",\"NN\",[\"business\",\"O\",\"\"]],[\"world\",\"world\",\"NOUN\",\"NN\",[\"world\",\"O\",\"\"]],[\"expressing\",\"express\",\"VERB\",\"VBG\",[\"expressing\",\"O\",\"\"]],[\"the\",\"the\",\"DET\",\"DT\",[\"the\",\"O\",\"\"]],[\"notion\",\"notion\",\"NOUN\",\"NN\",[\"notion\",\"O\",\"\"]],[\"that\",\"that\",\"ADP\",\"IN\",[\"that\",\"O\",\"\"]],[\"a\",\"a\",\"DET\",\"DT\",[\"a\",\"O\",\"\"]],[\"degree\",\"degree\",\"NOUN\",\"NN\",[\"degree\",\"O\",\"\"]],[\"is\",\"be\",\"VERB\",\"VBZ\",[\"is\",\"O\",\"\"]],[\"a\",\"a\",\"DET\",\"DT\",[\"a\",\"O\",\"\"]],[\"*\",\"*\",\"PUNCT\",\"NFP\",[\"*\",\"O\",\"\"]],[\"means\",\"mean\",\"VERB\",\"VBZ\",[\"means\",\"O\",\"\"]],[\"*\",\"*\",\"PUNCT\",\"NFP\",[\"*\",\"O\",\"\"]],[\"to\",\"to\",\"ADP\",\"IN\",[\"to\",\"O\",\"\"]],[\"an\",\"an\",\"DET\",\"DT\",[\"an\",\"O\",\"\"]],[\"end\",\"end\",\"NOUN\",\"NN\",[\"end\",\"O\",\"\"]],[\",\",\",\",\"PUNCT\",\",\",[\",\",\"O\",\"\"]],[\"not\",\"not\",\"ADV\",\"RB\",[\"not\",\"O\",\"\"]],[\"an\",\"an\",\"DET\",\"DT\",[\"an\",\"O\",\"\"]],[\"end\",\"end\",\"NOUN\",\"NN\",[\"end\",\"O\",\"\"]],[\"itself\",\"-PRON-\",\"PRON\",\"PRP\",[\"itself\",\"O\",\"\"]],[\".\",\".\",\"PUNCT\",\".\",[\".\",\"O\",\"\"]],[\"If\",\"if\",\"ADP\",\"IN\",[\"If\",\"O\",\"\"]],[\"you\",\"-PRON-\",\"PRON\",\"PRP\",[\"you\",\"O\",\"\"]],[\"want\",\"want\",\"VERB\",\"VBP\",[\"want\",\"O\",\"\"]],[\"to\",\"to\",\"PART\",\"TO\",[\"to\",\"O\",\"\"]],[\"be\",\"be\",\"VERB\",\"VB\",[\"be\",\"O\",\"\"]],[\"a\",\"a\",\"DET\",\"DT\",[\"a\",\"O\",\"\"]],[\"doctor\",\"doctor\",\"NOUN\",\"NN\",[\"doctor\",\"O\",\"\"]],[\",\",\",\",\"PUNCT\",\",\",[\",\",\"O\",\"\"]],[\"you\",\"-PRON-\",\"PRON\",\"PRP\",[\"you\",\"O\",\"\"]],[\"'d\",\"would\",\"VERB\",\"MD\",[\"'d\",\"O\",\"\"]],[\"best\",\"best\",\"ADV\",\"RBS\",[\"best\",\"O\",\"\"]],[\"get\",\"get\",\"VERB\",\"VB\",[\"get\",\"O\",\"\"]],[\"a\",\"a\",\"DET\",\"DT\",[\"a\",\"O\",\"\"]],[\"degree\",\"degree\",\"NOUN\",\"NN\",[\"degree\",\"O\",\"\"]],[\".\",\".\",\"PUNCT\",\".\",[\".\",\"O\",\"\"]],[\"If\",\"if\",\"ADP\",\"IN\",[\"If\",\"O\",\"\"]],[\"you\",\"-PRON-\",\"PRON\",\"PRP\",[\"you\",\"O\",\"\"]],[\"want\",\"want\",\"VERB\",\"VBP\",[\"want\",\"O\",\"\"]],[\"to\",\"to\",\"PART\",\"TO\",[\"to\",\"O\",\"\"]],[\"be\",\"be\",\"VERB\",\"VB\",[\"be\",\"O\",\"\"]],[\"a\",\"a\",\"DET\",\"DT\",[\"a\",\"O\",\"\"]],[\"musician\",\"musician\",\"NOUN\",\"NN\",[\"musician\",\"O\",\"\"]],[\",\",\",\",\"PUNCT\",\",\",[\",\",\"O\",\"\"]],[\"maybe\",\"maybe\",\"ADV\",\"RB\",[\"maybe\",\"O\",\"\"]],[\"not\",\"not\",\"ADV\",\"RB\",[\"not\",\"O\",\"\"]],[\".\",\".\",\"PUNCT\",\".\",[\".\",\"O\",\"\"]],[\"Not\",\"not\",\"ADV\",\"RB\",[\"Not\",\"O\",\"\"]],[\"to\",\"to\",\"PART\",\"TO\",[\"to\",\"O\",\"\"]],[\"idolize\",\"idolize\",\"VERB\",\"VB\",[\"idolize\",\"O\",\"\"]],[\"him\",\"-PRON-\",\"PRON\",\"PRP\",[\"him\",\"O\",\"\"]],[\"any\",\"any\",\"DET\",\"DT\",[\"any\",\"O\",\"\"]],[\"more\",\"more\",\"ADV\",\"RBR\",[\"more\",\"O\",\"\"]],[\"than\",\"than\",\"ADP\",\"IN\",[\"than\",\"O\",\"\"]],[\"he\",\"-PRON-\",\"PRON\",\"PRP\",[\"he\",\"O\",\"\"]],[\"already\",\"already\",\"ADV\",\"RB\",[\"already\",\"O\",\"\"]],[\"is\",\"be\",\"VERB\",\"VBZ\",[\"is\",\"O\",\"\"]],[\"on\",\"on\",\"ADP\",\"IN\",[\"on\",\"O\",\"\"]],[\"this\",\"this\",\"DET\",\"DT\",[\"this\",\"O\",\"\"]],[\"site\",\"site\",\"NOUN\",\"NN\",[\"site\",\"O\",\"\"]],[\",\",\",\",\"PUNCT\",\",\",[\",\",\"O\",\"\"]],[\"but\",\"but\",\"CCONJ\",\"CC\",[\"but\",\"O\",\"\"]],[\"I\",\"-PRON-\",\"PRON\",\"PRP\",[\"I\",\"O\",\"\"]],[\"think\",\"think\",\"VERB\",\"VBP\",[\"think\",\"O\",\"\"]],[\"Paul\",\"paul\",\"PROPN\",\"NNP\",[\"Paul\",\"B\",\"PERSON\"]],[\"Graham\",\"graham\",\"PROPN\",\"NNP\",[\"Graham\",\"I\",\"PERSON\"]],[\"is\",\"be\",\"VERB\",\"VBZ\",[\"is\",\"O\",\"\"]],[\"a\",\"a\",\"DET\",\"DT\",[\"a\",\"O\",\"\"]],[\"great\",\"great\",\"ADJ\",\"JJ\",[\"great\",\"O\",\"\"]],[\"example\",\"example\",\"NOUN\",\"NN\",[\"example\",\"O\",\"\"]],[\"of\",\"of\",\"ADP\",\"IN\",[\"of\",\"O\",\"\"]],[\"this\",\"this\",\"DET\",\"DT\",[\"this\",\"O\",\"\"]],[\"--\",\"--\",\"PUNCT\",\":\",[\"--\",\"O\",\"\"]],[\"it\",\"-PRON-\",\"PRON\",\"PRP\",[\"it\",\"O\",\"\"]],[\"would\",\"would\",\"VERB\",\"MD\",[\"would\",\"O\",\"\"]],[\"be\",\"be\",\"VERB\",\"VB\",[\"be\",\"O\",\"\"]],[\"better\",\"good\",\"ADJ\",\"JJR\",[\"better\",\"O\",\"\"]],[\"if\",\"if\",\"ADP\",\"IN\",[\"if\",\"O\",\"\"]],[\"there\",\"there\",\"ADV\",\"EX\",[\"there\",\"O\",\"\"]],[\"were\",\"be\",\"VERB\",\"VBD\",[\"were\",\"O\",\"\"]],[\"more\",\"more\",\"ADJ\",\"JJR\",[\"more\",\"O\",\"\"]],[\"people\",\"people\",\"NOUN\",\"NNS\",[\"people\",\"O\",\"\"]],[\"out\",\"out\",\"ADV\",\"RB\",[\"out\",\"O\",\"\"]],[\"there\",\"there\",\"ADV\",\"RB\",[\"there\",\"O\",\"\"]],[\"advocating\",\"advocate\",\"VERB\",\"VBG\",[\"advocating\",\"O\",\"\"]],[\"for\",\"for\",\"ADP\",\"IN\",[\"for\",\"O\",\"\"]],[\"different\",\"different\",\"ADJ\",\"JJ\",[\"different\",\"O\",\"\"]],[\"career\",\"career\",\"NOUN\",\"NN\",[\"career\",\"O\",\"\"]],[\"tracks\",\"track\",\"NOUN\",\"NNS\",[\"tracks\",\"O\",\"\"]],[\"besides\",\"besides\",\"ADP\",\"IN\",[\"besides\",\"O\",\"\"]],[\"entrepreneurs\",\"entrepreneur\",\"NOUN\",\"NNS\",[\"entrepreneurs\",\"O\",\"\"]],[\"and\",\"and\",\"CCONJ\",\"CC\",[\"and\",\"O\",\"\"]],[\"programrs\",\"programrs\",\"NOUN\",\"NN\",[\"programrs\",\"O\",\"\"]],[\".\",\".\",\"PUNCT\",\".\",[\".\",\"O\",\"\"]],[\"Not\",\"not\",\"ADV\",\"RB\",[\"Not\",\"O\",\"\"]],[\"all\",\"all\",\"DET\",\"DT\",[\"all\",\"O\",\"\"]],[\"careers\",\"career\",\"NOUN\",\"NNS\",[\"careers\",\"O\",\"\"]],[\"need\",\"need\",\"VERB\",\"VBP\",[\"need\",\"O\",\"\"]],[\"to\",\"to\",\"PART\",\"TO\",[\"to\",\"O\",\"\"]],[\"be\",\"be\",\"VERB\",\"VB\",[\"be\",\"O\",\"\"]],[\"taught\",\"teach\",\"VERB\",\"VBN\",[\"taught\",\"O\",\"\"]],[\"in\",\"in\",\"ADP\",\"IN\",[\"in\",\"O\",\"\"]],[\"the\",\"the\",\"DET\",\"DT\",[\"the\",\"O\",\"\"]],[\"classroom\",\"classroom\",\"NOUN\",\"NN\",[\"classroom\",\"O\",\"\"]],[\",\",\",\",\"PUNCT\",\",\",[\",\",\"O\",\"\"]],[\"and\",\"and\",\"CCONJ\",\"CC\",[\"and\",\"O\",\"\"]],[\"it[.\",\"it[.\",\"ADV\",\"RB\",[\"it[.\",\"O\",\"\"]],[\"]\",\"]\",\"PUNCT\",\"-RRB-\",[\"]\",\"O\",\"\"]],[\"laughable\",\"laughable\",\"ADJ\",\"JJ\",[\"laughable\",\"O\",\"\"]],[\"to\",\"to\",\"PART\",\"TO\",[\"to\",\"O\",\"\"]],[\"think\",\"think\",\"VERB\",\"VB\",[\"think\",\"O\",\"\"]],[\"that\",\"that\",\"ADP\",\"IN\",[\"that\",\"O\",\"\"]],[\"they\",\"-PRON-\",\"PRON\",\"PRP\",[\"they\",\"O\",\"\"]],[\"should\",\"should\",\"VERB\",\"MD\",[\"should\",\"O\",\"\"]],[\"all\",\"all\",\"ADV\",\"RB\",[\"all\",\"O\",\"\"]],[\"take\",\"take\",\"VERB\",\"VB\",[\"take\",\"O\",\"\"]],[\"the\",\"the\",\"DET\",\"DT\",[\"the\",\"O\",\"\"]],[\"same\",\"same\",\"ADJ\",\"JJ\",[\"same\",\"O\",\"\"]],[\"number\",\"number\",\"NOUN\",\"NN\",[\"number\",\"O\",\"\"]],[\"of\",\"of\",\"ADP\",\"IN\",[\"of\",\"O\",\"\"]],[\"years\",\"year\",\"NOUN\",\"NNS\",[\"years\",\"B\",\"DATE\"]],[\"to\",\"to\",\"PART\",\"TO\",[\"to\",\"O\",\"\"]],[\"learn\",\"learn\",\"VERB\",\"VB\",[\"learn\",\"O\",\"\"]],[\".\",\".\",\"PUNCT\",\".\",[\".\",\"O\",\"\"]],[\"\\n\\n\",\"\\n\\n\",\"SPACE\",\"_SP\",[\"\\n\\n\",\"O\",\"\"]],[\"2\",\"2\",\"NUM\",\"CD\",[\"2\",\"B\",\"CARDINAL\"]],[\".\",\".\",\"PUNCT\",\".\",[\".\",\"O\",\"\"]],[\"Make\",\"make\",\"VERB\",\"VB\",[\"Make\",\"O\",\"\"]],[\"it\",\"-PRON-\",\"PRON\",\"PRP\",[\"it\",\"O\",\"\"]],[\"easier\",\"easy\",\"ADJ\",\"JJR\",[\"easier\",\"O\",\"\"]],[\"to\",\"to\",\"PART\",\"TO\",[\"to\",\"O\",\"\"]],[\"opt\",\"opt\",\"VERB\",\"VB\",[\"opt\",\"O\",\"\"]],[\"in\",\"in\",\"PART\",\"RP\",[\"in\",\"O\",\"\"]],[\"and\",\"and\",\"CCONJ\",\"CC\",[\"and\",\"O\",\"\"]],[\"out\",\"out\",\"ADP\",\"IN\",[\"out\",\"O\",\"\"]],[\"of\",\"of\",\"ADP\",\"IN\",[\"of\",\"O\",\"\"]],[\"the\",\"the\",\"DET\",\"DT\",[\"the\",\"O\",\"\"]],[\"education\",\"education\",\"NOUN\",\"NN\",[\"education\",\"O\",\"\"]],[\"system\",\"system\",\"NOUN\",\"NN\",[\"system\",\"O\",\"\"]],[\",\",\",\",\"PUNCT\",\",\",[\",\",\"O\",\"\"]],[\"learn\",\"learn\",\"VERB\",\"VBP\",[\"learn\",\"O\",\"\"]],[\"at\",\"at\",\"ADP\",\"IN\",[\"at\",\"O\",\"\"]],[\"different\",\"different\",\"ADJ\",\"JJ\",[\"different\",\"O\",\"\"]],[\"paces\",\"pace\",\"NOUN\",\"NNS\",[\"paces\",\"O\",\"\"]],[\",\",\",\",\"PUNCT\",\",\",[\",\",\"O\",\"\"]],[\"and\",\"and\",\"CCONJ\",\"CC\",[\"and\",\"O\",\"\"]],[\"fight\",\"fight\",\"VERB\",\"VB\",[\"fight\",\"O\",\"\"]],[\"the\",\"the\",\"DET\",\"DT\",[\"the\",\"O\",\"\"]],[\"stigma\",\"stigma\",\"NOUN\",\"NN\",[\"stigma\",\"O\",\"\"]],[\"of\",\"of\",\"ADP\",\"IN\",[\"of\",\"O\",\"\"]],[\"being\",\"be\",\"VERB\",\"VBG\",[\"being\",\"O\",\"\"]],[\"in\",\"in\",\"ADP\",\"IN\",[\"in\",\"O\",\"\"]],[\"the\",\"the\",\"DET\",\"DT\",[\"the\",\"O\",\"\"]],[\"educational\",\"educational\",\"ADJ\",\"JJ\",[\"educational\",\"O\",\"\"]],[\"system\",\"system\",\"NOUN\",\"NN\",[\"system\",\"O\",\"\"]],[\"later\",\"later\",\"ADV\",\"RB\",[\"later\",\"O\",\"\"]],[\"in\",\"in\",\"ADP\",\"IN\",[\"in\",\"O\",\"\"]],[\"life\",\"life\",\"NOUN\",\"NN\",[\"life\",\"O\",\"\"]],[\".\",\".\",\"PUNCT\",\".\",[\".\",\"O\",\"\"]],[\"There\",\"there\",\"ADV\",\"EX\",[\"There\",\"O\",\"\"]],[\"should\",\"should\",\"VERB\",\"MD\",[\"should\",\"O\",\"\"]],[\"be\",\"be\",\"VERB\",\"VB\",[\"be\",\"O\",\"\"]],[\"a\",\"a\",\"DET\",\"DT\",[\"a\",\"O\",\"\"]],[\"minimum\",\"minimum\",\"ADJ\",\"JJ\",[\"minimum\",\"O\",\"\"]],[\"amount\",\"amount\",\"NOUN\",\"NN\",[\"amount\",\"O\",\"\"]],[\"of\",\"of\",\"ADP\",\"IN\",[\"of\",\"O\",\"\"]],[\"time\",\"time\",\"NOUN\",\"NN\",[\"time\",\"O\",\"\"]],[\"that\",\"that\",\"ADJ\",\"WDT\",[\"that\",\"O\",\"\"]],[\"kids\",\"kid\",\"NOUN\",\"NNS\",[\"kids\",\"O\",\"\"]],[\"spend\",\"spend\",\"VERB\",\"VBP\",[\"spend\",\"O\",\"\"]],[\"on\",\"on\",\"ADP\",\"IN\",[\"on\",\"O\",\"\"]],[\"education\",\"education\",\"NOUN\",\"NN\",[\"education\",\"O\",\"\"]],[\"(\",\"(\",\"PUNCT\",\"-LRB-\",[\"(\",\"O\",\"\"]],[\"like\",\"like\",\"ADP\",\"IN\",[\"like\",\"O\",\"\"]],[\"the\",\"the\",\"DET\",\"DT\",[\"the\",\"B\",\"TIME\"]],[\"minimum\",\"minimum\",\"ADJ\",\"JJ\",[\"minimum\",\"I\",\"TIME\"]],[\"hours\",\"hour\",\"NOUN\",\"NNS\",[\"hours\",\"I\",\"TIME\"]],[\"for\",\"for\",\"ADP\",\"IN\",[\"for\",\"O\",\"\"]],[\"a\",\"a\",\"DET\",\"DT\",[\"a\",\"O\",\"\"]],[\"full\",\"full\",\"ADJ\",\"JJ\",[\"full\",\"O\",\"\"]],[\"schedule\",\"schedule\",\"NOUN\",\"NN\",[\"schedule\",\"O\",\"\"]],[\"in\",\"in\",\"ADP\",\"IN\",[\"in\",\"O\",\"\"]],[\"college\",\"college\",\"NOUN\",\"NN\",[\"college\",\"O\",\"\"]],[\")\",\")\",\"PUNCT\",\"-RRB-\",[\")\",\"O\",\"\"]],[\",\",\",\",\"PUNCT\",\",\",[\",\",\"O\",\"\"]],[\"and\",\"and\",\"CCONJ\",\"CC\",[\"and\",\"O\",\"\"]],[\"it\",\"-PRON-\",\"PRON\",\"PRP\",[\"it\",\"O\",\"\"]],[\"should\",\"should\",\"VERB\",\"MD\",[\"should\",\"O\",\"\"]],[\"n't\",\"not\",\"ADV\",\"RB\",[\"n't\",\"O\",\"\"]],[\"all\",\"all\",\"DET\",\"DT\",[\"all\",\"O\",\"\"]],[\"have\",\"have\",\"VERB\",\"VB\",[\"have\",\"O\",\"\"]],[\"to\",\"to\",\"PART\",\"TO\",[\"to\",\"O\",\"\"]],[\"be\",\"be\",\"VERB\",\"VB\",[\"be\",\"O\",\"\"]],[\"in\",\"in\",\"ADP\",\"IN\",[\"in\",\"O\",\"\"]],[\"school\",\"school\",\"NOUN\",\"NN\",[\"school\",\"O\",\"\"]],[\".\",\".\",\"PUNCT\",\".\",[\".\",\"O\",\"\"]],[\"If\",\"if\",\"ADP\",\"IN\",[\"If\",\"O\",\"\"]],[\"they\",\"-PRON-\",\"PRON\",\"PRP\",[\"they\",\"O\",\"\"]],[\"want\",\"want\",\"VERB\",\"VBP\",[\"want\",\"O\",\"\"]],[\"to\",\"to\",\"PART\",\"TO\",[\"to\",\"O\",\"\"]],[\"take\",\"take\",\"VERB\",\"VB\",[\"take\",\"O\",\"\"]],[\"an\",\"an\",\"DET\",\"DT\",[\"an\",\"O\",\"\"]],[\"apprenticeship\",\"apprenticeship\",\"NOUN\",\"NN\",[\"apprenticeship\",\"O\",\"\"]],[\",\",\",\",\"PUNCT\",\",\",[\",\",\"O\",\"\"]],[\"that\",\"that\",\"DET\",\"DT\",[\"that\",\"O\",\"\"]],[\"should\",\"should\",\"VERB\",\"MD\",[\"should\",\"O\",\"\"]],[\"count\",\"count\",\"VERB\",\"VB\",[\"count\",\"O\",\"\"]],[\",\",\",\",\"PUNCT\",\",\",[\",\",\"O\",\"\"]],[\"and\",\"and\",\"CCONJ\",\"CC\",[\"and\",\"O\",\"\"]],[\"it\",\"-PRON-\",\"PRON\",\"PRP\",[\"it\",\"O\",\"\"]],[\"should\",\"should\",\"VERB\",\"MD\",[\"should\",\"O\",\"\"]],[\"be\",\"be\",\"VERB\",\"VB\",[\"be\",\"O\",\"\"]],[\"accountable\",\"accountable\",\"ADJ\",\"JJ\",[\"accountable\",\"O\",\"\"]],[\",\",\",\",\"PUNCT\",\",\",[\",\",\"O\",\"\"]],[\"and\",\"and\",\"CCONJ\",\"CC\",[\"and\",\"O\",\"\"]],[\"hopefully\",\"hopefully\",\"ADV\",\"RB\",[\"hopefully\",\"O\",\"\"]],[\"accredited\",\"accredit\",\"VERB\",\"VBN\",[\"accredited\",\"O\",\"\"]],[\".\",\".\",\"PUNCT\",\".\",[\".\",\"O\",\"\"]],[\"\\n\\n\",\"\\n\\n\",\"SPACE\",\"_SP\",[\"\\n\\n\",\"O\",\"\"]],[\"3\",\"3\",\"NUM\",\"CD\",[\"3\",\"B\",\"CARDINAL\"]],[\".\",\".\",\"PUNCT\",\".\",[\".\",\"O\",\"\"]],[\"More\",\"more\",\"ADJ\",\"JJR\",[\"More\",\"O\",\"\"]],[\"classes\",\"class\",\"NOUN\",\"NNS\",[\"classes\",\"O\",\"\"]],[\"in\",\"in\",\"ADP\",\"IN\",[\"in\",\"O\",\"\"]],[\"school\",\"school\",\"NOUN\",\"NN\",[\"school\",\"O\",\"\"]],[\"that\",\"that\",\"ADJ\",\"WDT\",[\"that\",\"O\",\"\"]],[\"prepare\",\"prepare\",\"VERB\",\"VBP\",[\"prepare\",\"O\",\"\"]],[\"kids\",\"kid\",\"NOUN\",\"NNS\",[\"kids\",\"O\",\"\"]],[\"for\",\"for\",\"ADP\",\"IN\",[\"for\",\"O\",\"\"]],[\"what\",\"what\",\"NOUN\",\"WP\",[\"what\",\"O\",\"\"]],[\"they\",\"-PRON-\",\"PRON\",\"PRP\",[\"they\",\"O\",\"\"]],[\"'ll\",\"will\",\"VERB\",\"MD\",[\"'ll\",\"O\",\"\"]],[\"have\",\"have\",\"VERB\",\"VB\",[\"have\",\"O\",\"\"]],[\"to\",\"to\",\"PART\",\"TO\",[\"to\",\"O\",\"\"]],[\"do\",\"do\",\"VERB\",\"VB\",[\"do\",\"O\",\"\"]],[\"in\",\"in\",\"ADP\",\"IN\",[\"in\",\"O\",\"\"]],[\"real\",\"real\",\"ADJ\",\"JJ\",[\"real\",\"O\",\"\"]],[\"life\",\"life\",\"NOUN\",\"NN\",[\"life\",\"O\",\"\"]],[\".\",\".\",\"PUNCT\",\".\",[\".\",\"O\",\"\"]],[\"(\",\"(\",\"PUNCT\",\"-LRB-\",[\"(\",\"O\",\"\"]],[\"I\",\"-PRON-\",\"PRON\",\"PRP\",[\"I\",\"O\",\"\"]],[\"'m\",\"be\",\"VERB\",\"VBP\",[\"'m\",\"O\",\"\"]],[\"sorry\",\"sorry\",\"ADJ\",\"JJ\",[\"sorry\",\"O\",\"\"]],[\",\",\",\",\"PUNCT\",\",\",[\",\",\"O\",\"\"]],[\"but\",\"but\",\"CCONJ\",\"CC\",[\"but\",\"O\",\"\"]],[\"the\",\"the\",\"DET\",\"DT\",[\"the\",\"O\",\"\"]],[\"\\\"\",\"\\\"\",\"PUNCT\",\"``\",[\"\\\"\",\"O\",\"\"]],[\"liberal_arts\",\"liberal_art\",\"NOUN\",\"NNS\",[\"liberal_arts\",\"O\",\"\"]],[\"makes\",\"make\",\"VERB\",\"VBZ\",[\"makes\",\"O\",\"\"]],[\"you\",\"-PRON-\",\"PRON\",\"PRP\",[\"you\",\"O\",\"\"]],[\"well\",\"well\",\"ADV\",\"RB\",[\"well\",\"O\",\"\"]],[\"-\",\"-\",\"PUNCT\",\"HYPH\",[\"-\",\"O\",\"\"]],[\"rounded\",\"round\",\"VERB\",\"VBN\",[\"rounded\",\"O\",\"\"]],[\"\\\"\",\"\\\"\",\"PUNCT\",\"''\",[\"\\\"\",\"O\",\"\"]],[\"stuff\",\"stuff\",\"NOUN\",\"NN\",[\"stuff\",\"O\",\"\"]],[\"is\",\"be\",\"VERB\",\"VBZ\",[\"is\",\"O\",\"\"]],[\"crap\",\"crap\",\"ADJ\",\"JJ\",[\"crap\",\"O\",\"\"]],[\",\",\",\",\"PUNCT\",\",\",[\",\",\"O\",\"\"]],[\"and\",\"and\",\"CCONJ\",\"CC\",[\"and\",\"O\",\"\"]],[\"this\",\"this\",\"DET\",\"DT\",[\"this\",\"O\",\"\"]],[\"is\",\"be\",\"VERB\",\"VBZ\",[\"is\",\"O\",\"\"]],[\"coming\",\"come\",\"VERB\",\"VBG\",[\"coming\",\"O\",\"\"]],[\"from\",\"from\",\"ADP\",\"IN\",[\"from\",\"O\",\"\"]],[\"a\",\"a\",\"DET\",\"DT\",[\"a\",\"O\",\"\"]],[\"liberal_arts\",\"liberal_art\",\"NOUN\",\"NNS\",[\"liberal_arts\",\"O\",\"\"]],[\"major\",\"major\",\"ADJ\",\"JJ\",[\"major\",\"O\",\"\"]],[\".\",\".\",\"PUNCT\",\".\",[\".\",\"O\",\"\"]],[\"If\",\"if\",\"ADP\",\"IN\",[\"If\",\"O\",\"\"]],[\"liberal_arts\",\"liberal_art\",\"NOUN\",\"NNS\",[\"liberal_arts\",\"O\",\"\"]],[\"is\",\"be\",\"VERB\",\"VBZ\",[\"is\",\"O\",\"\"]],[\"great\",\"great\",\"ADJ\",\"JJ\",[\"great\",\"O\",\"\"]],[\"'cause\",\"because\",\"ADP\",\"IN\",[\"'cause\",\"O\",\"\"]],[\"it\",\"-PRON-\",\"PRON\",\"PRP\",[\"it\",\"O\",\"\"]],[\"teaches\",\"teach\",\"VERB\",\"VBZ\",[\"teaches\",\"O\",\"\"]],[\"critical\",\"critical\",\"ADJ\",\"JJ\",[\"critical\",\"O\",\"\"]],[\"thinking\",\"thinking\",\"NOUN\",\"NN\",[\"thinking\",\"O\",\"\"]],[\"skills\",\"skill\",\"NOUN\",\"NNS\",[\"skills\",\"O\",\"\"]],[\",\",\",\",\"PUNCT\",\",\",[\",\",\"O\",\"\"]],[\"teach\",\"teach\",\"VERB\",\"VB\",[\"teach\",\"O\",\"\"]],[\"critical\",\"critical\",\"ADJ\",\"JJ\",[\"critical\",\"O\",\"\"]],[\"thinking\",\"thinking\",\"NOUN\",\"NN\",[\"thinking\",\"O\",\"\"]],[\"skills\",\"skill\",\"NOUN\",\"NNS\",[\"skills\",\"O\",\"\"]],[\".\",\".\",\"PUNCT\",\".\",[\".\",\"O\",\"\"]],[\"If\",\"if\",\"ADP\",\"IN\",[\"If\",\"O\",\"\"]],[\"it\",\"-PRON-\",\"PRON\",\"PRP\",[\"it\",\"O\",\"\"]],[\"teaches\",\"teach\",\"VERB\",\"VBZ\",[\"teaches\",\"O\",\"\"]],[\"lessons\",\"lesson\",\"NOUN\",\"NNS\",[\"lessons\",\"O\",\"\"]],[\"on\",\"on\",\"ADP\",\"IN\",[\"on\",\"O\",\"\"]],[\"morality\",\"morality\",\"NOUN\",\"NN\",[\"morality\",\"O\",\"\"]],[\"and\",\"and\",\"CCONJ\",\"CC\",[\"and\",\"O\",\"\"]],[\"the\",\"the\",\"DET\",\"DT\",[\"the\",\"O\",\"\"]],[\"human\",\"human\",\"ADJ\",\"JJ\",[\"human\",\"O\",\"\"]],[\"condition\",\"condition\",\"NOUN\",\"NN\",[\"condition\",\"O\",\"\"]],[\",\",\",\",\"PUNCT\",\",\",[\",\",\"O\",\"\"]],[\"why\",\"why\",\"ADV\",\"WRB\",[\"why\",\"O\",\"\"]],[\"not\",\"not\",\"ADV\",\"RB\",[\"not\",\"O\",\"\"]],[\"friggin\",\"friggin\",\"VERB\",\"VB\",[\"friggin\",\"O\",\"\"]],[\"'\",\"'\",\"PUNCT\",\"''\",[\"'\",\"O\",\"\"]],[\"take\",\"take\",\"VERB\",\"VB\",[\"take\",\"O\",\"\"]],[\"ethics\",\"ethic\",\"NOUN\",\"NNS\",[\"ethics\",\"O\",\"\"]],[\"and\",\"and\",\"CCONJ\",\"CC\",[\"and\",\"O\",\"\"]],[\"throw\",\"throw\",\"VERB\",\"VB\",[\"throw\",\"O\",\"\"]],[\"some\",\"some\",\"DET\",\"DT\",[\"some\",\"O\",\"\"]],[\"law\",\"law\",\"NOUN\",\"NN\",[\"law\",\"O\",\"\"]],[\"stuff\",\"stuff\",\"NOUN\",\"NN\",[\"stuff\",\"O\",\"\"]],[\"in\",\"in\",\"ADP\",\"IN\",[\"in\",\"O\",\"\"]],[\"there\",\"there\",\"ADV\",\"RB\",[\"there\",\"O\",\"\"]],[\"to\",\"to\",\"ADP\",\"IN\",[\"to\",\"O\",\"\"]],[\"boot\",\"boot\",\"NOUN\",\"NN\",[\"boot\",\"O\",\"\"]],[\"?\",\"?\",\"PUNCT\",\".\",[\"?\",\"O\",\"\"]],[\")\",\")\",\"PUNCT\",\"-RRB-\",[\")\",\"O\",\"\"]],[\"Teach\",\"teach\",\"VERB\",\"VB\",[\"Teach\",\"B\",\"ORG\"]],[\"financial\",\"financial\",\"ADJ\",\"JJ\",[\"financial\",\"O\",\"\"]],[\"management\",\"management\",\"NOUN\",\"NN\",[\"management\",\"O\",\"\"]],[\".\",\".\",\"PUNCT\",\".\",[\".\",\"O\",\"\"]],[\"Help\",\"help\",\"VERB\",\"VB\",[\"Help\",\"O\",\"\"]],[\"kids\",\"kid\",\"NOUN\",\"NNS\",[\"kids\",\"O\",\"\"]],[\"start\",\"start\",\"VERB\",\"VB\",[\"start\",\"O\",\"\"]],[\"businesses\",\"business\",\"NOUN\",\"NNS\",[\"businesses\",\"O\",\"\"]],[\",\",\",\",\"PUNCT\",\",\",[\",\",\"O\",\"\"]],[\"for\",\"for\",\"ADP\",\"IN\",[\"for\",\"O\",\"\"]],[\"god[.\",\"god[.\",\"NOUN\",\"NN\",[\"god[.\",\"O\",\"\"]],[\"]\",\"]\",\"PUNCT\",\"-RRB-\",[\"]\",\"O\",\"\"]],[\"sake\",\"sake\",\"NOUN\",\"NN\",[\"sake\",\"O\",\"\"]],[\".\",\".\",\"PUNCT\",\".\",[\".\",\"O\",\"\"]],[\"Have\",\"have\",\"VERB\",\"VB\",[\"Have\",\"O\",\"\"]],[\"them\",\"-PRON-\",\"PRON\",\"PRP\",[\"them\",\"O\",\"\"]],[\"compete\",\"compete\",\"VERB\",\"VB\",[\"compete\",\"O\",\"\"]],[\"in\",\"in\",\"ADP\",\"IN\",[\"in\",\"O\",\"\"]],[\"play\",\"play\",\"NOUN\",\"NN\",[\"play\",\"O\",\"\"]],[\"stock\",\"stock\",\"NOUN\",\"NN\",[\"stock\",\"O\",\"\"]],[\"markets\",\"market\",\"NOUN\",\"NNS\",[\"markets\",\"O\",\"\"]],[\".\",\".\",\"PUNCT\",\".\",[\".\",\"O\",\"\"]],[\"\\n\\n\",\"\\n\\n\",\"SPACE\",\"_SP\",[\"\\n\\n\",\"O\",\"\"]],[\"4\",\"4\",\"NUM\",\"CD\",[\"4\",\"B\",\"CARDINAL\"]],[\".\",\".\",\"PUNCT\",\".\",[\".\",\"O\",\"\"]],[\"FUCKING\",\"fuck\",\"VERB\",\"VBG\",[\"FUCKING\",\"O\",\"\"]],[\"RAISE\",\"raise\",\"PROPN\",\"NNP\",[\"RAISE\",\"O\",\"\"]],[\"TEACHERS\",\"teacher\",\"NOUN\",\"NNS\",[\"TEACHERS\",\"O\",\"\"]],[\"'\",\"'\",\"PART\",\"POS\",[\"'\",\"O\",\"\"]],[\"SALARIES\",\"salaries\",\"PROPN\",\"NNP\",[\"SALARIES\",\"O\",\"\"]],[\".\",\".\",\"PUNCT\",\".\",[\".\",\"O\",\"\"]],[\"SMART\",\"smart\",\"ADJ\",\"JJ\",[\"SMART\",\"O\",\"\"]],[\",\",\",\",\"PUNCT\",\",\",[\",\",\"O\",\"\"]],[\"TALENTED\",\"talented\",\"ADJ\",\"JJ\",[\"TALENTED\",\"O\",\"\"]],[\"TEACHERS\",\"teacher\",\"NOUN\",\"NNS\",[\"TEACHERS\",\"O\",\"\"]],[\"SHOULD\",\"should\",\"VERB\",\"MD\",[\"SHOULD\",\"O\",\"\"]],[\"WANT\",\"want\",\"VERB\",\"VB\",[\"WANT\",\"O\",\"\"]],[\"TO\",\"to\",\"PART\",\"TO\",[\"TO\",\"O\",\"\"]],[\"WORK\",\"work\",\"VERB\",\"VB\",[\"WORK\",\"O\",\"\"]],[\"IN\",\"in\",\"ADP\",\"IN\",[\"IN\",\"O\",\"\"]],[\"ACADEMIA\",\"academia\",\"PROPN\",\"NNP\",[\"ACADEMIA\",\"B\",\"ORG\"]],[\",\",\",\",\"PUNCT\",\",\",[\",\",\"O\",\"\"]],[\"NOT\",\"not\",\"ADV\",\"RB\",[\"NOT\",\"O\",\"\"]],[\"HAVE\",\"have\",\"VERB\",\"VB\",[\"HAVE\",\"O\",\"\"]],[\"TO\",\"to\",\"PART\",\"TO\",[\"TO\",\"O\",\"\"]],[\"SACRIFICE\",\"sacrifice\",\"VERB\",\"VB\",[\"SACRIFICE\",\"O\",\"\"]],[\"THEIR\",\"their\",\"ADJ\",\"PRP$\",[\"THEIR\",\"O\",\"\"]],[\"FUTURES\",\"futures\",\"PROPN\",\"NNPS\",[\"FUTURES\",\"O\",\"\"]],[\"AND\",\"and\",\"CCONJ\",\"CC\",[\"AND\",\"O\",\"\"]],[\"THEIR\",\"their\",\"ADJ\",\"PRP$\",[\"THEIR\",\"O\",\"\"]],[\"CHILDREN\",\"child\",\"NOUN\",\"NNS\",[\"CHILDREN\",\"O\",\"\"]],[\"'S\",\"'s\",\"PART\",\"POS\",[\"'S\",\"O\",\"\"]],[\"FUTURES\",\"future\",\"NOUN\",\"NNS\",[\"FUTURES\",\"O\",\"\"]],[\"ON\",\"on\",\"ADP\",\"IN\",[\"ON\",\"O\",\"\"]],[\"ALTRUISM\",\"altruism\",\"PROPN\",\"NNP\",[\"ALTRUISM\",\"B\",\"ORG\"]],[\".\",\".\",\"PUNCT\",\".\",[\".\",\"O\",\"\"]],[\"\\n\\n\",\"\\n\\n\",\"SPACE\",\"_SP\",[\"\\n\\n\",\"O\",\"\"]],[\"5\",\"5\",\"NUM\",\"CD\",[\"5\",\"B\",\"CARDINAL\"]],[\".\",\".\",\"PUNCT\",\".\",[\".\",\"O\",\"\"]],[\"Elementary\",\"elementary\",\"ADJ\",\"JJ\",[\"Elementary\",\"O\",\"\"]],[\"school\",\"school\",\"NOUN\",\"NN\",[\"school\",\"O\",\"\"]],[\"should\",\"should\",\"VERB\",\"MD\",[\"should\",\"O\",\"\"]],[\"be\",\"be\",\"VERB\",\"VB\",[\"be\",\"O\",\"\"]],[\"for\",\"for\",\"ADP\",\"IN\",[\"for\",\"O\",\"\"]],[\"teaching\",\"teach\",\"VERB\",\"VBG\",[\"teaching\",\"O\",\"\"]],[\"basic\",\"basic\",\"ADJ\",\"JJ\",[\"basic\",\"O\",\"\"]],[\"skills\",\"skill\",\"NOUN\",\"NNS\",[\"skills\",\"O\",\"\"]],[\":\",\":\",\"PUNCT\",\":\",[\":\",\"O\",\"\"]],[\"reading\",\"reading\",\"NOUN\",\"NN\",[\"reading\",\"O\",\"\"]],[\",\",\",\",\"PUNCT\",\",\",[\",\",\"O\",\"\"]],[\"writing\",\"writing\",\"NOUN\",\"NN\",[\"writing\",\"O\",\"\"]],[\",\",\",\",\"PUNCT\",\",\",[\",\",\"O\",\"\"]],[\"using\",\"use\",\"VERB\",\"VBG\",[\"using\",\"O\",\"\"]],[\"computers\",\"computer\",\"NOUN\",\"NNS\",[\"computers\",\"O\",\"\"]],[\"(\",\"(\",\"PUNCT\",\"-LRB-\",[\"(\",\"O\",\"\"]],[\"nowadays\",\"nowadays\",\"ADV\",\"RB\",[\"nowadays\",\"O\",\"\"]],[\")\",\")\",\"PUNCT\",\"-RRB-\",[\")\",\"O\",\"\"]],[\",\",\",\",\"PUNCT\",\",\",[\",\",\"O\",\"\"]],[\"research\",\"research\",\"NOUN\",\"NN\",[\"research\",\"O\",\"\"]],[\",\",\",\",\"PUNCT\",\",\",[\",\",\"O\",\"\"]],[\"working\",\"work\",\"VERB\",\"VBG\",[\"working\",\"O\",\"\"]],[\"in\",\"in\",\"ADP\",\"IN\",[\"in\",\"O\",\"\"]],[\"groups\",\"group\",\"NOUN\",\"NNS\",[\"groups\",\"O\",\"\"]],[\",\",\",\",\"PUNCT\",\",\",[\",\",\"O\",\"\"]],[\"problem\",\"problem\",\"NOUN\",\"NN\",[\"problem\",\"O\",\"\"]],[\"-\",\"-\",\"PUNCT\",\"HYPH\",[\"-\",\"O\",\"\"]],[\"solving\",\"solve\",\"VERB\",\"VBG\",[\"solving\",\"O\",\"\"]],[\".\",\".\",\"PUNCT\",\".\",[\".\",\"O\",\"\"]],[\"\\n\\n\",\"\\n\\n\",\"SPACE\",\"_SP\",[\"\\n\\n\",\"O\",\"\"]],[\"6\",\"6\",\"NUM\",\"CD\",[\"6\",\"B\",\"CARDINAL\"]],[\".\",\".\",\"PUNCT\",\".\",[\".\",\"O\",\"\"]],[\"High\",\"high\",\"ADJ\",\"JJ\",[\"High\",\"O\",\"\"]],[\"school\",\"school\",\"NOUN\",\"NN\",[\"school\",\"O\",\"\"]],[\"should\",\"should\",\"VERB\",\"MD\",[\"should\",\"O\",\"\"]],[\"be\",\"be\",\"VERB\",\"VB\",[\"be\",\"O\",\"\"]],[\"for\",\"for\",\"ADP\",\"IN\",[\"for\",\"O\",\"\"]],[\"deciding\",\"decide\",\"VERB\",\"VBG\",[\"deciding\",\"O\",\"\"]],[\"on\",\"on\",\"ADP\",\"IN\",[\"on\",\"O\",\"\"]],[\"your\",\"-PRON-\",\"ADJ\",\"PRP$\",[\"your\",\"O\",\"\"]],[\"career\",\"career\",\"NOUN\",\"NN\",[\"career\",\"O\",\"\"]],[\"path\",\"path\",\"NOUN\",\"NN\",[\"path\",\"O\",\"\"]],[\",\",\",\",\"PUNCT\",\",\",[\",\",\"O\",\"\"]],[\"it\",\"-PRON-\",\"PRON\",\"PRP\",[\"it\",\"O\",\"\"]],[\"should\",\"should\",\"VERB\",\"MD\",[\"should\",\"O\",\"\"]],[\"be\",\"be\",\"VERB\",\"VB\",[\"be\",\"O\",\"\"]],[\"flexible\",\"flexible\",\"ADJ\",\"JJ\",[\"flexible\",\"O\",\"\"]],[\",\",\",\",\"PUNCT\",\",\",[\",\",\"O\",\"\"]],[\"and\",\"and\",\"CCONJ\",\"CC\",[\"and\",\"O\",\"\"]],[\"it\",\"-PRON-\",\"PRON\",\"PRP\",[\"it\",\"O\",\"\"]],[\"should\",\"should\",\"VERB\",\"MD\",[\"should\",\"O\",\"\"]],[\"last\",\"last\",\"VERB\",\"VB\",[\"last\",\"O\",\"\"]],[\"as\",\"as\",\"ADV\",\"RB\",[\"as\",\"O\",\"\"]],[\"long\",\"long\",\"ADV\",\"RB\",[\"long\",\"O\",\"\"]],[\"as\",\"as\",\"ADP\",\"IN\",[\"as\",\"O\",\"\"]],[\"it\",\"-PRON-\",\"PRON\",\"PRP\",[\"it\",\"O\",\"\"]],[\"fucking\",\"fucking\",\"ADJ\",\"JJ\",[\"fucking\",\"O\",\"\"]],[\"has\",\"have\",\"VERB\",\"VBZ\",[\"has\",\"O\",\"\"]],[\"to\",\"to\",\"PART\",\"TO\",[\"to\",\"O\",\"\"]],[\".\",\".\",\"PUNCT\",\".\",[\".\",\"O\",\"\"]],[\"If\",\"if\",\"ADP\",\"IN\",[\"If\",\"O\",\"\"]],[\"you\",\"-PRON-\",\"PRON\",\"PRP\",[\"you\",\"O\",\"\"]],[\"do\",\"do\",\"VERB\",\"VBP\",[\"do\",\"O\",\"\"]],[\"n't\",\"not\",\"ADV\",\"RB\",[\"n't\",\"O\",\"\"]],[\"know\",\"know\",\"VERB\",\"VB\",[\"know\",\"O\",\"\"]],[\"what\",\"what\",\"NOUN\",\"WP\",[\"what\",\"O\",\"\"]],[\"you\",\"-PRON-\",\"PRON\",\"PRP\",[\"you\",\"O\",\"\"]],[\"want\",\"want\",\"VERB\",\"VBP\",[\"want\",\"O\",\"\"]],[\"to\",\"to\",\"PART\",\"TO\",[\"to\",\"O\",\"\"]],[\"do\",\"do\",\"VERB\",\"VB\",[\"do\",\"O\",\"\"]],[\"in\",\"in\",\"ADP\",\"IN\",[\"in\",\"O\",\"\"]],[\"college\",\"college\",\"NOUN\",\"NN\",[\"college\",\"O\",\"\"]],[\",\",\",\",\"PUNCT\",\",\",[\",\",\"O\",\"\"]],[\"you\",\"-PRON-\",\"PRON\",\"PRP\",[\"you\",\"O\",\"\"]],[\"should\",\"should\",\"VERB\",\"MD\",[\"should\",\"O\",\"\"]],[\"n't\",\"not\",\"ADV\",\"RB\",[\"n't\",\"O\",\"\"]],[\"have\",\"have\",\"VERB\",\"VB\",[\"have\",\"O\",\"\"]],[\"to\",\"to\",\"PART\",\"TO\",[\"to\",\"O\",\"\"]],[\"waste\",\"waste\",\"VERB\",\"VB\",[\"waste\",\"O\",\"\"]],[\"thousands\",\"thousand\",\"NOUN\",\"NNS\",[\"thousands\",\"B\",\"MONEY\"]],[\"of\",\"of\",\"ADP\",\"IN\",[\"of\",\"I\",\"MONEY\"]],[\"dollars\",\"dollar\",\"NOUN\",\"NNS\",[\"dollars\",\"I\",\"MONEY\"]],[\"a\",\"a\",\"DET\",\"DT\",[\"a\",\"O\",\"\"]],[\"year\",\"year\",\"NOUN\",\"NN\",[\"year\",\"O\",\"\"]],[\"on\",\"on\",\"ADP\",\"IN\",[\"on\",\"O\",\"\"]],[\"what\",\"what\",\"NOUN\",\"WP\",[\"what\",\"O\",\"\"]],[\"essentially\",\"essentially\",\"ADV\",\"RB\",[\"essentially\",\"O\",\"\"]],[\"amounts\",\"amount\",\"VERB\",\"VBZ\",[\"amounts\",\"O\",\"\"]],[\"to\",\"to\",\"ADP\",\"IN\",[\"to\",\"O\",\"\"]],[\"more\",\"more\",\"ADV\",\"RBR\",[\"more\",\"O\",\"\"]],[\"high\",\"high\",\"ADJ\",\"JJ\",[\"high\",\"O\",\"\"]],[\"school\",\"school\",\"NOUN\",\"NN\",[\"school\",\"O\",\"\"]],[\".\",\".\",\"PUNCT\",\".\",[\".\",\"O\",\"\"]],[\"It\",\"-PRON-\",\"PRON\",\"PRP\",[\"It\",\"O\",\"\"]],[\"should\",\"should\",\"VERB\",\"MD\",[\"should\",\"O\",\"\"]],[\"also\",\"also\",\"ADV\",\"RB\",[\"also\",\"O\",\"\"]],[\"prepare\",\"prepare\",\"VERB\",\"VB\",[\"prepare\",\"O\",\"\"]],[\"you\",\"-PRON-\",\"PRON\",\"PRP\",[\"you\",\"O\",\"\"]],[\"for\",\"for\",\"ADP\",\"IN\",[\"for\",\"O\",\"\"]],[\"real\",\"real\",\"ADJ\",\"JJ\",[\"real\",\"O\",\"\"]],[\"life\",\"life\",\"NOUN\",\"NN\",[\"life\",\"O\",\"\"]],[\"--\",\"--\",\"PUNCT\",\":\",[\"--\",\"O\",\"\"]],[\"apprenticeships\",\"apprenticeship\",\"NOUN\",\"NNS\",[\"apprenticeships\",\"O\",\"\"]],[\"and\",\"and\",\"CCONJ\",\"CC\",[\"and\",\"O\",\"\"]],[\"financial\",\"financial\",\"ADJ\",\"JJ\",[\"financial\",\"O\",\"\"]],[\"management\",\"management\",\"NOUN\",\"NN\",[\"management\",\"O\",\"\"]],[\"classes\",\"class\",\"NOUN\",\"NNS\",[\"classes\",\"O\",\"\"]],[\",\",\",\",\"PUNCT\",\",\",[\",\",\"O\",\"\"]],[\"etc\",\"etc\",\"X\",\"FW\",[\"etc\",\"O\",\"\"]],[\",\",\",\",\"PUNCT\",\",\",[\",\",\"O\",\"\"]],[\"as\",\"as\",\"ADP\",\"IN\",[\"as\",\"O\",\"\"]],[\"above\",\"above\",\"ADV\",\"RB\",[\"above\",\"O\",\"\"]],[\".\",\".\",\"PUNCT\",\".\",[\".\",\"O\",\"\"]],[\"I\",\"-PRON-\",\"PRON\",\"PRP\",[\"I\",\"O\",\"\"]],[\"should\",\"should\",\"VERB\",\"MD\",[\"should\",\"O\",\"\"]],[\"n't\",\"not\",\"ADV\",\"RB\",[\"n't\",\"O\",\"\"]],[\"have\",\"have\",\"VERB\",\"VB\",[\"have\",\"O\",\"\"]],[\"had\",\"have\",\"VERB\",\"VBN\",[\"had\",\"O\",\"\"]],[\"to\",\"to\",\"PART\",\"TO\",[\"to\",\"O\",\"\"]],[\"figure\",\"figure\",\"VERB\",\"VB\",[\"figure\",\"O\",\"\"]],[\"out\",\"out\",\"PART\",\"RP\",[\"out\",\"O\",\"\"]],[\"taxes\",\"tax\",\"NOUN\",\"NNS\",[\"taxes\",\"O\",\"\"]],[\"by\",\"by\",\"ADP\",\"IN\",[\"by\",\"O\",\"\"]],[\"getting\",\"get\",\"VERB\",\"VBG\",[\"getting\",\"O\",\"\"]],[\"thrown\",\"throw\",\"VERB\",\"VBN\",[\"thrown\",\"O\",\"\"]],[\"in\",\"in\",\"PART\",\"RP\",[\"in\",\"O\",\"\"]],[\"at\",\"at\",\"ADP\",\"IN\",[\"at\",\"O\",\"\"]],[\"the\",\"the\",\"DET\",\"DT\",[\"the\",\"O\",\"\"]],[\"deep\",\"deep\",\"ADJ\",\"JJ\",[\"deep\",\"O\",\"\"]],[\"end\",\"end\",\"NOUN\",\"NN\",[\"end\",\"O\",\"\"]],[\"on\",\"on\",\"ADP\",\"IN\",[\"on\",\"O\",\"\"]],[\"my\",\"-PRON-\",\"ADJ\",\"PRP$\",[\"my\",\"O\",\"\"]],[\"first\",\"first\",\"ADJ\",\"JJ\",[\"first\",\"B\",\"ORDINAL\"]],[\"job\",\"job\",\"NOUN\",\"NN\",[\"job\",\"O\",\"\"]],[\".\",\".\",\"PUNCT\",\".\",[\".\",\"O\",\"\"]],[\"Or\",\"or\",\"CCONJ\",\"CC\",[\"Or\",\"O\",\"\"]],[\"taking\",\"take\",\"VERB\",\"VBG\",[\"taking\",\"O\",\"\"]],[\"interviews\",\"interview\",\"NOUN\",\"NNS\",[\"interviews\",\"O\",\"\"]],[\".\",\".\",\"PUNCT\",\".\",[\".\",\"O\",\"\"]],[\"\\n\\n\",\"\\n\\n\",\"SPACE\",\"_SP\",[\"\\n\\n\",\"O\",\"\"]],[\"7\",\"7\",\"NUM\",\"CD\",[\"7\",\"B\",\"CARDINAL\"]],[\".\",\".\",\"PUNCT\",\".\",[\".\",\"O\",\"\"]],[\"Colleges\",\"college\",\"NOUN\",\"NNS\",[\"Colleges\",\"O\",\"\"]],[\"and\",\"and\",\"CCONJ\",\"CC\",[\"and\",\"O\",\"\"]],[\"universities\",\"university\",\"NOUN\",\"NNS\",[\"universities\",\"O\",\"\"]],[\"should\",\"should\",\"VERB\",\"MD\",[\"should\",\"O\",\"\"]],[\"be\",\"be\",\"VERB\",\"VB\",[\"be\",\"O\",\"\"]],[\"for\",\"for\",\"ADP\",\"IN\",[\"for\",\"O\",\"\"]],[\"acquiring\",\"acquire\",\"VERB\",\"VBG\",[\"acquiring\",\"O\",\"\"]],[\"specialized\",\"specialized\",\"ADJ\",\"JJ\",[\"specialized\",\"O\",\"\"]],[\"knowledge\",\"knowledge\",\"NOUN\",\"NN\",[\"knowledge\",\"O\",\"\"]],[\"and\",\"and\",\"CCONJ\",\"CC\",[\"and\",\"O\",\"\"]],[\"finishing\",\"finish\",\"VERB\",\"VBG\",[\"finishing\",\"O\",\"\"]],[\"out\",\"out\",\"PART\",\"RP\",[\"out\",\"O\",\"\"]],[\"any\",\"any\",\"DET\",\"DT\",[\"any\",\"O\",\"\"]],[\"secondary\",\"secondary\",\"ADJ\",\"JJ\",[\"secondary\",\"B\",\"ORDINAL\"]],[\"career\",\"career\",\"NOUN\",\"NN\",[\"career\",\"O\",\"\"]],[\"paths\",\"path\",\"NOUN\",\"NNS\",[\"paths\",\"O\",\"\"]],[\".\",\".\",\"PUNCT\",\".\",[\".\",\"O\",\"\"]],[\"There\",\"there\",\"ADV\",\"EX\",[\"There\",\"O\",\"\"]],[\"should\",\"should\",\"VERB\",\"MD\",[\"should\",\"O\",\"\"]],[\"be\",\"be\",\"VERB\",\"VB\",[\"be\",\"O\",\"\"]],[\"no\",\"no\",\"DET\",\"DT\",[\"no\",\"O\",\"\"]],[\"generalized\",\"generalize\",\"VERB\",\"VBN\",[\"generalized\",\"O\",\"\"]],[\"curricula\",\"curricula\",\"NOUN\",\"NN\",[\"curricula\",\"O\",\"\"]],[\",\",\",\",\"PUNCT\",\",\",[\",\",\"O\",\"\"]],[\"no\",\"no\",\"ADV\",\"RB\",[\"no\",\"O\",\"\"]],[\"across\",\"across\",\"ADP\",\"IN\",[\"across\",\"O\",\"\"]],[\"-\",\"-\",\"PUNCT\",\"HYPH\",[\"-\",\"O\",\"\"]],[\"the\",\"the\",\"DET\",\"DT\",[\"the\",\"O\",\"\"]],[\"-\",\"-\",\"PUNCT\",\"HYPH\",[\"-\",\"O\",\"\"]],[\"board\",\"board\",\"NOUN\",\"NN\",[\"board\",\"O\",\"\"]],[\"requirements\",\"requirement\",\"NOUN\",\"NNS\",[\"requirements\",\"O\",\"\"]],[\".\",\".\",\"PUNCT\",\".\",[\".\",\"O\",\"\"]],[\"Of\",\"of\",\"ADV\",\"RB\",[\"Of\",\"O\",\"\"]],[\"course\",\"course\",\"ADV\",\"RB\",[\"course\",\"O\",\"\"]],[\"there\",\"there\",\"ADV\",\"EX\",[\"there\",\"O\",\"\"]],[\"should\",\"should\",\"VERB\",\"MD\",[\"should\",\"O\",\"\"]],[\"be\",\"be\",\"VERB\",\"VB\",[\"be\",\"O\",\"\"]],[\"support\",\"support\",\"NOUN\",\"NN\",[\"support\",\"O\",\"\"]],[\"here\",\"here\",\"ADV\",\"RB\",[\"here\",\"O\",\"\"]],[\"and\",\"and\",\"CCONJ\",\"CC\",[\"and\",\"O\",\"\"]],[\"at\",\"at\",\"ADP\",\"IN\",[\"at\",\"O\",\"\"]],[\"all\",\"all\",\"DET\",\"DT\",[\"all\",\"O\",\"\"]],[\"levels\",\"level\",\"NOUN\",\"NNS\",[\"levels\",\"O\",\"\"]],[\"for\",\"for\",\"ADP\",\"IN\",[\"for\",\"O\",\"\"]],[\"those\",\"those\",\"DET\",\"DT\",[\"those\",\"O\",\"\"]],[\"who\",\"who\",\"NOUN\",\"WP\",[\"who\",\"O\",\"\"]],[\"want\",\"want\",\"VERB\",\"VBP\",[\"want\",\"O\",\"\"]],[\"to\",\"to\",\"PART\",\"TO\",[\"to\",\"O\",\"\"]],[\"broaden\",\"broaden\",\"VERB\",\"VB\",[\"broaden\",\"O\",\"\"]],[\"their\",\"-PRON-\",\"ADJ\",\"PRP$\",[\"their\",\"O\",\"\"]],[\"horizons\",\"horizon\",\"NOUN\",\"NNS\",[\"horizons\",\"O\",\"\"]],[\",\",\",\",\"PUNCT\",\",\",[\",\",\"O\",\"\"]],[\"but\",\"but\",\"CCONJ\",\"CC\",[\"but\",\"O\",\"\"]],[\"there[.\",\"there[.\",\"NOUN\",\"NN\",[\"there[.\",\"B\",\"GPE\"]],[\"]\",\"]\",\"PUNCT\",\"-RRB-\",[\"]\",\"O\",\"\"]],[\"no\",\"no\",\"DET\",\"DT\",[\"no\",\"O\",\"\"]],[\"fucking\",\"fucking\",\"ADJ\",\"JJ\",[\"fucking\",\"O\",\"\"]],[\"way\",\"way\",\"NOUN\",\"NN\",[\"way\",\"O\",\"\"]],[\"that\",\"that\",\"ADP\",\"IN\",[\"that\",\"O\",\"\"]],[\"as\",\"as\",\"ADP\",\"IN\",[\"as\",\"O\",\"\"]],[\"a\",\"a\",\"DET\",\"DT\",[\"a\",\"O\",\"\"]],[\"Computer\",\"computer\",\"PROPN\",\"NNP\",[\"Computer\",\"B\",\"ORG\"]],[\"Science\",\"science\",\"PROPN\",\"NNP\",[\"Science\",\"I\",\"ORG\"]],[\"major\",\"major\",\"NOUN\",\"NN\",[\"major\",\"O\",\"\"]],[\"I\",\"-PRON-\",\"PRON\",\"PRP\",[\"I\",\"O\",\"\"]],[\"should\",\"should\",\"VERB\",\"MD\",[\"should\",\"O\",\"\"]],[\"have\",\"have\",\"VERB\",\"VB\",[\"have\",\"O\",\"\"]],[\"to\",\"to\",\"PART\",\"TO\",[\"to\",\"O\",\"\"]],[\"risk\",\"risk\",\"VERB\",\"VB\",[\"risk\",\"O\",\"\"]],[\"my\",\"-PRON-\",\"ADJ\",\"PRP$\",[\"my\",\"O\",\"\"]],[\"GPA\",\"gpa\",\"NOUN\",\"NN\",[\"GPA\",\"B\",\"ORG\"]],[\"on\",\"on\",\"ADP\",\"IN\",[\"on\",\"O\",\"\"]],[\"an\",\"an\",\"DET\",\"DT\",[\"an\",\"O\",\"\"]],[\"English\",\"english\",\"ADJ\",\"JJ\",[\"English\",\"B\",\"LANGUAGE\"]],[\"class\",\"class\",\"NOUN\",\"NN\",[\"class\",\"O\",\"\"]],[\"I\",\"-PRON-\",\"PRON\",\"PRP\",[\"I\",\"O\",\"\"]],[\"want\",\"want\",\"VERB\",\"VBP\",[\"want\",\"O\",\"\"]],[\"to\",\"to\",\"PART\",\"TO\",[\"to\",\"O\",\"\"]],[\"take\",\"take\",\"VERB\",\"VB\",[\"take\",\"O\",\"\"]],[\",\",\",\",\"PUNCT\",\",\",[\",\",\"O\",\"\"]],[\"nor\",\"nor\",\"CCONJ\",\"CC\",[\"nor\",\"O\",\"\"]],[\"should\",\"should\",\"VERB\",\"MD\",[\"should\",\"O\",\"\"]],[\"it\",\"-PRON-\",\"PRON\",\"PRP\",[\"it\",\"O\",\"\"]],[\"be\",\"be\",\"VERB\",\"VB\",[\"be\",\"O\",\"\"]],[\"required\",\"require\",\"VERB\",\"VBN\",[\"required\",\"O\",\"\"]],[\"if\",\"if\",\"ADP\",\"IN\",[\"if\",\"O\",\"\"]],[\"it\",\"-PRON-\",\"PRON\",\"PRP\",[\"it\",\"O\",\"\"]],[\"does\",\"do\",\"VERB\",\"VBZ\",[\"does\",\"O\",\"\"]],[\"n't\",\"not\",\"ADV\",\"RB\",[\"n't\",\"O\",\"\"]],[\"have\",\"have\",\"VERB\",\"VB\",[\"have\",\"O\",\"\"]],[\"the\",\"the\",\"DET\",\"DT\",[\"the\",\"O\",\"\"]],[\"slightest\",\"slight\",\"ADJ\",\"JJS\",[\"slightest\",\"O\",\"\"]],[\"bit\",\"bit\",\"NOUN\",\"NN\",[\"bit\",\"O\",\"\"]],[\"of\",\"of\",\"ADP\",\"IN\",[\"of\",\"O\",\"\"]],[\"fucking\",\"fucking\",\"ADJ\",\"JJ\",[\"fucking\",\"O\",\"\"]],[\"relevance\",\"relevance\",\"NOUN\",\"NN\",[\"relevance\",\"O\",\"\"]],[\"to\",\"to\",\"ADP\",\"IN\",[\"to\",\"O\",\"\"]],[\"my\",\"-PRON-\",\"ADJ\",\"PRP$\",[\"my\",\"O\",\"\"]],[\"job\",\"job\",\"NOUN\",\"NN\",[\"job\",\"O\",\"\"]],[\".\",\".\",\"PUNCT\",\".\",[\".\",\"O\",\"\"]],[\"\\n\\n\",\"\\n\\n\",\"SPACE\",\"_SP\",[\"\\n\\n\",\"O\",\"\"]],[\"8\",\"8\",\"NUM\",\"CD\",[\"8\",\"O\",\"\"]],[\".\",\".\",\"PUNCT\",\".\",[\".\",\"O\",\"\"]],[\"Standards\",\"standard\",\"NOUN\",\"NNS\",[\"Standards\",\"O\",\"\"]],[\"at\",\"at\",\"ADP\",\"IN\",[\"at\",\"O\",\"\"]],[\"every\",\"every\",\"DET\",\"DT\",[\"every\",\"O\",\"\"]],[\"level\",\"level\",\"NOUN\",\"NN\",[\"level\",\"O\",\"\"]],[\"of\",\"of\",\"ADP\",\"IN\",[\"of\",\"O\",\"\"]],[\"elementary\",\"elementary\",\"ADJ\",\"JJ\",[\"elementary\",\"O\",\"\"]],[\"school\",\"school\",\"NOUN\",\"NN\",[\"school\",\"O\",\"\"]],[\"and\",\"and\",\"CCONJ\",\"CC\",[\"and\",\"O\",\"\"]],[\"high\",\"high\",\"ADJ\",\"JJ\",[\"high\",\"O\",\"\"]],[\"school\",\"school\",\"NOUN\",\"NN\",[\"school\",\"O\",\"\"]],[\",\",\",\",\"PUNCT\",\",\",[\",\",\"O\",\"\"]],[\"better\",\"good\",\"ADJ\",\"JJR\",[\"better\",\"O\",\"\"]],[\"individual\",\"individual\",\"ADJ\",\"JJ\",[\"individual\",\"O\",\"\"]],[\"tracking\",\"tracking\",\"NOUN\",\"NN\",[\"tracking\",\"O\",\"\"]],[\"of\",\"of\",\"ADP\",\"IN\",[\"of\",\"O\",\"\"]],[\"students\",\"student\",\"NOUN\",\"NNS\",[\"students\",\"O\",\"\"]],[\",\",\",\",\"PUNCT\",\",\",[\",\",\"O\",\"\"]],[\"and\",\"and\",\"CCONJ\",\"CC\",[\"and\",\"O\",\"\"]],[\"targeted\",\"target\",\"VERB\",\"VBN\",[\"targeted\",\"O\",\"\"]],[\"instruction\",\"instruction\",\"NOUN\",\"NN\",[\"instruction\",\"O\",\"\"]],[\"where\",\"where\",\"ADV\",\"WRB\",[\"where\",\"O\",\"\"]],[\"it[.\",\"it[.\",\"PROPN\",\"NNP\",[\"it[.\",\"O\",\"\"]],[\"]\",\"]\",\"PUNCT\",\"-RRB-\",[\"]\",\"O\",\"\"]],[\"needed\",\"need\",\"VERB\",\"VBN\",[\"needed\",\"O\",\"\"]],[\".\",\".\",\"PUNCT\",\".\",[\".\",\"O\",\"\"]],[\"Get\",\"get\",\"VERB\",\"VB\",[\"Get\",\"O\",\"\"]],[\"rid\",\"rid\",\"VERB\",\"VBN\",[\"rid\",\"O\",\"\"]],[\"of\",\"of\",\"ADP\",\"IN\",[\"of\",\"O\",\"\"]],[\"'\",\"'\",\"PUNCT\",\"``\",[\"'\",\"O\",\"\"]],[\"grades\",\"grade\",\"NOUN\",\"NNS\",[\"grades\",\"O\",\"\"]],[\"'\",\"'\",\"PUNCT\",\"''\",[\"'\",\"O\",\"\"]],[\"entirely\",\"entirely\",\"ADV\",\"RB\",[\"entirely\",\"O\",\"\"]],[\".\",\".\",\"PUNCT\",\".\",[\".\",\"O\",\"\"]],[\"Segment\",\"segment\",\"NOUN\",\"NN\",[\"Segment\",\"O\",\"\"]],[\"classes\",\"class\",\"NOUN\",\"NNS\",[\"classes\",\"O\",\"\"]],[\"by\",\"by\",\"ADP\",\"IN\",[\"by\",\"O\",\"\"]],[\"skill\",\"skill\",\"NOUN\",\"NN\",[\"skill\",\"O\",\"\"]],[\",\",\",\",\"PUNCT\",\",\",[\",\",\"O\",\"\"]],[\"move\",\"move\",\"VERB\",\"VB\",[\"move\",\"O\",\"\"]],[\"kids\",\"kid\",\"NOUN\",\"NNS\",[\"kids\",\"O\",\"\"]],[\"through\",\"through\",\"ADP\",\"IN\",[\"through\",\"O\",\"\"]],[\"quicker\",\"quick\",\"ADJ\",\"JJR\",[\"quicker\",\"O\",\"\"]],[\"or\",\"or\",\"CCONJ\",\"CC\",[\"or\",\"O\",\"\"]],[\"slower\",\"slower\",\"ADV\",\"RBR\",[\"slower\",\"O\",\"\"]],[\"based\",\"base\",\"VERB\",\"VBN\",[\"based\",\"O\",\"\"]],[\"on\",\"on\",\"ADP\",\"IN\",[\"on\",\"O\",\"\"]],[\"individual\",\"individual\",\"ADJ\",\"JJ\",[\"individual\",\"O\",\"\"]],[\"test\",\"test\",\"NOUN\",\"NN\",[\"test\",\"O\",\"\"]],[\"performance\",\"performance\",\"NOUN\",\"NN\",[\"performance\",\"O\",\"\"]],[\",\",\",\",\"PUNCT\",\",\",[\",\",\"O\",\"\"]],[\"and\",\"and\",\"CCONJ\",\"CC\",[\"and\",\"O\",\"\"]],[\"include\",\"include\",\"VERB\",\"VBP\",[\"include\",\"O\",\"\"]],[\"a\",\"a\",\"DET\",\"DT\",[\"a\",\"O\",\"\"]],[\"reasonable\",\"reasonable\",\"ADJ\",\"JJ\",[\"reasonable\",\"O\",\"\"]],[\"mix\",\"mix\",\"NOUN\",\"NN\",[\"mix\",\"O\",\"\"]],[\"of\",\"of\",\"ADP\",\"IN\",[\"of\",\"O\",\"\"]],[\"talents\",\"talent\",\"NOUN\",\"NNS\",[\"talents\",\"O\",\"\"]],[\"at\",\"at\",\"ADP\",\"IN\",[\"at\",\"O\",\"\"]],[\"every\",\"every\",\"DET\",\"DT\",[\"every\",\"O\",\"\"]],[\"level\",\"level\",\"NOUN\",\"NN\",[\"level\",\"O\",\"\"]],[\".\",\".\",\"PUNCT\",\".\",[\".\",\"O\",\"\"]],[\"Make\",\"make\",\"VERB\",\"VB\",[\"Make\",\"O\",\"\"]],[\"it\",\"-PRON-\",\"PRON\",\"PRP\",[\"it\",\"O\",\"\"]],[\"clear\",\"clear\",\"ADJ\",\"JJ\",[\"clear\",\"O\",\"\"]],[\"that\",\"that\",\"ADP\",\"IN\",[\"that\",\"O\",\"\"]],[\"being\",\"be\",\"VERB\",\"VBG\",[\"being\",\"O\",\"\"]],[\"better\",\"good\",\"ADJ\",\"JJR\",[\"better\",\"O\",\"\"]],[\"or\",\"or\",\"CCONJ\",\"CC\",[\"or\",\"O\",\"\"]],[\"worse\",\"bad\",\"ADJ\",\"JJR\",[\"worse\",\"O\",\"\"]],[\"at\",\"at\",\"ADP\",\"IN\",[\"at\",\"O\",\"\"]],[\"one\",\"one\",\"NUM\",\"CD\",[\"one\",\"B\",\"CARDINAL\"]],[\"subject\",\"subject\",\"NOUN\",\"NN\",[\"subject\",\"O\",\"\"]],[\"or\",\"or\",\"CCONJ\",\"CC\",[\"or\",\"O\",\"\"]],[\"another\",\"another\",\"DET\",\"DT\",[\"another\",\"O\",\"\"]],[\"is\",\"be\",\"VERB\",\"VBZ\",[\"is\",\"O\",\"\"]],[\"not\",\"not\",\"ADV\",\"RB\",[\"not\",\"O\",\"\"]],[\"a\",\"a\",\"DET\",\"DT\",[\"a\",\"O\",\"\"]],[\"stigma\",\"stigma\",\"NOUN\",\"NN\",[\"stigma\",\"O\",\"\"]],[\".\",\".\",\"PUNCT\",\".\",[\".\",\"O\",\"\"]],[\"Concentration\",\"concentration\",\"NOUN\",\"NN\",[\"Concentration\",\"O\",\"\"]],[\"on\",\"on\",\"ADP\",\"IN\",[\"on\",\"O\",\"\"]],[\"identifying\",\"identify\",\"VERB\",\"VBG\",[\"identifying\",\"O\",\"\"]],[\"and\",\"and\",\"CCONJ\",\"CC\",[\"and\",\"O\",\"\"]],[\"encouraging\",\"encouraging\",\"ADJ\",\"JJ\",[\"encouraging\",\"O\",\"\"]],[\"talents\",\"talent\",\"NOUN\",\"NNS\",[\"talents\",\"O\",\"\"]],[\"and\",\"and\",\"CCONJ\",\"CC\",[\"and\",\"O\",\"\"]],[\"helping\",\"help\",\"VERB\",\"VBG\",[\"helping\",\"O\",\"\"]],[\"kids\",\"kid\",\"NOUN\",\"NNS\",[\"kids\",\"O\",\"\"]],[\"to\",\"to\",\"PART\",\"TO\",[\"to\",\"O\",\"\"]],[\"develop\",\"develop\",\"VERB\",\"VB\",[\"develop\",\"O\",\"\"]],[\"the\",\"the\",\"DET\",\"DT\",[\"the\",\"O\",\"\"]],[\"minimum\",\"minimum\",\"NOUN\",\"NN\",[\"minimum\",\"O\",\"\"]],[\"of\",\"of\",\"ADP\",\"IN\",[\"of\",\"O\",\"\"]],[\"skills\",\"skill\",\"NOUN\",\"NNS\",[\"skills\",\"O\",\"\"]],[\"that\",\"that\",\"ADP\",\"IN\",[\"that\",\"O\",\"\"]],[\"they\",\"-PRON-\",\"PRON\",\"PRP\",[\"they\",\"O\",\"\"]],[\"need\",\"need\",\"VERB\",\"VBP\",[\"need\",\"O\",\"\"]],[\"to\",\"to\",\"PART\",\"TO\",[\"to\",\"O\",\"\"]],[\"function\",\"function\",\"VERB\",\"VB\",[\"function\",\"O\",\"\"]],[\"in\",\"in\",\"ADP\",\"IN\",[\"in\",\"O\",\"\"]],[\"society\",\"society\",\"NOUN\",\"NN\",[\"society\",\"O\",\"\"]],[\"(\",\"(\",\"PUNCT\",\"-LRB-\",[\"(\",\"O\",\"\"]],[\"grammar\",\"grammar\",\"NOUN\",\"NN\",[\"grammar\",\"O\",\"\"]],[\",\",\",\",\"PUNCT\",\",\",[\",\",\"O\",\"\"]],[\"basic\",\"basic\",\"ADJ\",\"JJ\",[\"basic\",\"O\",\"\"]],[\"math\",\"math\",\"NOUN\",\"NN\",[\"math\",\"O\",\"\"]],[\")\",\")\",\"PUNCT\",\"-RRB-\",[\")\",\"O\",\"\"]],[\",\",\",\",\"PUNCT\",\",\",[\",\",\"O\",\"\"]],[\"no\",\"no\",\"ADV\",\"RB\",[\"no\",\"O\",\"\"]],[\"matter\",\"matter\",\"ADV\",\"RB\",[\"matter\",\"O\",\"\"]],[\"how\",\"how\",\"ADV\",\"WRB\",[\"how\",\"O\",\"\"]],[\"long\",\"long\",\"ADJ\",\"JJ\",[\"long\",\"O\",\"\"]],[\"it\",\"-PRON-\",\"PRON\",\"PRP\",[\"it\",\"O\",\"\"]],[\"takes\",\"take\",\"VERB\",\"VBZ\",[\"takes\",\"O\",\"\"]],[\".\",\".\",\"PUNCT\",\".\",[\".\",\"O\",\"\"]],[\"Most\",\"most\",\"ADJ\",\"JJS\",[\"Most\",\"O\",\"\"]],[\"of\",\"of\",\"ADP\",\"IN\",[\"of\",\"O\",\"\"]],[\"this\",\"this\",\"DET\",\"DT\",[\"this\",\"O\",\"\"]],[\"stuff\",\"stuff\",\"NOUN\",\"NN\",[\"stuff\",\"O\",\"\"]],[\"can\",\"can\",\"VERB\",\"MD\",[\"can\",\"O\",\"\"]],[\"be\",\"be\",\"VERB\",\"VB\",[\"be\",\"O\",\"\"]],[\"learned\",\"learn\",\"VERB\",\"VBN\",[\"learned\",\"O\",\"\"]],[\"by\",\"by\",\"ADP\",\"IN\",[\"by\",\"O\",\"\"]],[\"almost\",\"almost\",\"ADV\",\"RB\",[\"almost\",\"O\",\"\"]],[\"everybody\",\"everybody\",\"NOUN\",\"NN\",[\"everybody\",\"O\",\"\"]],[\",\",\",\",\"PUNCT\",\",\",[\",\",\"O\",\"\"]],[\"and\",\"and\",\"CCONJ\",\"CC\",[\"and\",\"O\",\"\"]],[\"it[.\",\"it[.\",\"ADV\",\"RB\",[\"it[.\",\"O\",\"\"]],[\"]\",\"]\",\"PUNCT\",\"-RRB-\",[\"]\",\"O\",\"\"]],[\"sad\",\"sad\",\"ADJ\",\"JJ\",[\"sad\",\"O\",\"\"]],[\"that\",\"that\",\"ADP\",\"IN\",[\"that\",\"O\",\"\"]],[\"many\",\"many\",\"ADJ\",\"JJ\",[\"many\",\"O\",\"\"]],[\"college\",\"college\",\"NOUN\",\"NN\",[\"college\",\"O\",\"\"]],[\"students\",\"student\",\"NOUN\",\"NNS\",[\"students\",\"O\",\"\"]],[\"ca\",\"can\",\"VERB\",\"MD\",[\"ca\",\"O\",\"\"]],[\"n't\",\"not\",\"ADV\",\"RB\",[\"n't\",\"O\",\"\"]],[\"spell\",\"spell\",\"VERB\",\"VB\",[\"spell\",\"O\",\"\"]],[\"properly\",\"properly\",\"ADV\",\"RB\",[\"properly\",\"O\",\"\"]],[\"or\",\"or\",\"CCONJ\",\"CC\",[\"or\",\"O\",\"\"]],[\"form\",\"form\",\"VERB\",\"VB\",[\"form\",\"O\",\"\"]],[\"complete\",\"complete\",\"ADJ\",\"JJ\",[\"complete\",\"O\",\"\"]],[\"sentences\",\"sentence\",\"NOUN\",\"NNS\",[\"sentences\",\"O\",\"\"]],[\".\",\".\",\"PUNCT\",\".\",[\".\",\"O\",\"\"]],[\"\\n\\n\",\"\\n\\n\",\"SPACE\",\"_SP\",[\"\\n\\n\",\"O\",\"\"]],[\"9\",\"9\",\"NUM\",\"CD\",[\"9\",\"B\",\"CARDINAL\"]],[\".\",\".\",\"PUNCT\",\".\",[\".\",\"O\",\"\"]],[\"Safe\",\"safe\",\"ADJ\",\"JJ\",[\"Safe\",\"O\",\"\"]],[\"psychological\",\"psychological\",\"ADJ\",\"JJ\",[\"psychological\",\"O\",\"\"]],[\"spaces\",\"space\",\"NOUN\",\"NNS\",[\"spaces\",\"O\",\"\"]],[\"for\",\"for\",\"ADP\",\"IN\",[\"for\",\"O\",\"\"]],[\"students\",\"student\",\"NOUN\",\"NNS\",[\"students\",\"O\",\"\"]],[\".\",\".\",\"PUNCT\",\".\",[\".\",\"O\",\"\"]],[\"Give\",\"give\",\"VERB\",\"VB\",[\"Give\",\"O\",\"\"]],[\"them\",\"-PRON-\",\"PRON\",\"PRP\",[\"them\",\"O\",\"\"]],[\"places\",\"place\",\"NOUN\",\"NNS\",[\"places\",\"O\",\"\"]],[\"to\",\"to\",\"PART\",\"TO\",[\"to\",\"O\",\"\"]],[\"aggregate\",\"aggregate\",\"VERB\",\"VB\",[\"aggregate\",\"O\",\"\"]],[\"that\",\"that\",\"DET\",\"DT\",[\"that\",\"O\",\"\"]],[\"are\",\"be\",\"VERB\",\"VBP\",[\"are\",\"O\",\"\"]],[\"largely\",\"largely\",\"ADV\",\"RB\",[\"largely\",\"O\",\"\"]],[\"self\",\"self\",\"NOUN\",\"NN\",[\"self\",\"O\",\"\"]],[\"-\",\"-\",\"PUNCT\",\"HYPH\",[\"-\",\"O\",\"\"]],[\"policed\",\"police\",\"VERB\",\"VBN\",[\"policed\",\"O\",\"\"]],[\"and\",\"and\",\"CCONJ\",\"CC\",[\"and\",\"O\",\"\"]],[\"where\",\"where\",\"ADV\",\"WRB\",[\"where\",\"O\",\"\"]],[\"adults\",\"adult\",\"NOUN\",\"NNS\",[\"adults\",\"O\",\"\"]],[\"can\",\"can\",\"VERB\",\"MD\",[\"can\",\"O\",\"\"]],[\"only\",\"only\",\"ADV\",\"RB\",[\"only\",\"O\",\"\"]],[\"intervene\",\"intervene\",\"VERB\",\"VB\",[\"intervene\",\"O\",\"\"]],[\"if\",\"if\",\"ADP\",\"IN\",[\"if\",\"O\",\"\"]],[\"there\",\"there\",\"ADV\",\"EX\",[\"there\",\"O\",\"\"]],[\"is\",\"be\",\"VERB\",\"VBZ\",[\"is\",\"O\",\"\"]],[\"a\",\"a\",\"DET\",\"DT\",[\"a\",\"O\",\"\"]],[\"clear\",\"clear\",\"ADJ\",\"JJ\",[\"clear\",\"O\",\"\"]],[\"danger\",\"danger\",\"NOUN\",\"NN\",[\"danger\",\"O\",\"\"]],[\".\",\".\",\"PUNCT\",\".\",[\".\",\"O\",\"\"]],[\"For\",\"for\",\"ADP\",\"IN\",[\"For\",\"O\",\"\"]],[\"me\",\"-PRON-\",\"PRON\",\"PRP\",[\"me\",\"O\",\"\"]],[\"in\",\"in\",\"ADP\",\"IN\",[\"in\",\"O\",\"\"]],[\"high\",\"high\",\"ADJ\",\"JJ\",[\"high\",\"O\",\"\"]],[\"school\",\"school\",\"NOUN\",\"NN\",[\"school\",\"O\",\"\"]],[\",\",\",\",\"PUNCT\",\",\",[\",\",\"O\",\"\"]],[\"this\",\"this\",\"DET\",\"DT\",[\"this\",\"O\",\"\"]],[\"was\",\"be\",\"VERB\",\"VBD\",[\"was\",\"O\",\"\"]],[\"debate\",\"debate\",\"NOUN\",\"NN\",[\"debate\",\"O\",\"\"]],[\".\",\".\",\"PUNCT\",\".\",[\".\",\"O\",\"\"]],[\"It\",\"-PRON-\",\"PRON\",\"PRP\",[\"It\",\"O\",\"\"]],[\"could\",\"could\",\"VERB\",\"MD\",[\"could\",\"O\",\"\"]],[\"also\",\"also\",\"ADV\",\"RB\",[\"also\",\"O\",\"\"]],[\"be\",\"be\",\"VERB\",\"VB\",[\"be\",\"O\",\"\"]],[\"sports\",\"sport\",\"NOUN\",\"NNS\",[\"sports\",\"O\",\"\"]],[\",\",\",\",\"PUNCT\",\",\",[\",\",\"O\",\"\"]],[\"chess\",\"chess\",\"NOUN\",\"NN\",[\"chess\",\"O\",\"\"]],[\"club\",\"club\",\"NOUN\",\"NN\",[\"club\",\"O\",\"\"]],[\",\",\",\",\"PUNCT\",\",\",[\",\",\"O\",\"\"]],[\"drama\",\"drama\",\"NOUN\",\"NN\",[\"drama\",\"O\",\"\"]],[\".\",\".\",\"PUNCT\",\".\",[\".\",\"O\",\"\"]],[\"Outdoor\",\"outdoor\",\"ADJ\",\"JJ\",[\"Outdoor\",\"O\",\"\"]],[\"schools\",\"school\",\"NOUN\",\"NNS\",[\"schools\",\"O\",\"\"]],[\".\",\".\",\"PUNCT\",\".\",[\".\",\"O\",\"\"]],[\"Businesses\",\"business\",\"NOUN\",\"NNS\",[\"Businesses\",\"O\",\"\"]],[\".\",\".\",\"PUNCT\",\".\",[\".\",\"O\",\"\"]],[\"It\",\"-PRON-\",\"PRON\",\"PRP\",[\"It\",\"O\",\"\"]],[\"could\",\"could\",\"VERB\",\"MD\",[\"could\",\"O\",\"\"]],[\"just\",\"just\",\"ADV\",\"RB\",[\"just\",\"O\",\"\"]],[\"be\",\"be\",\"VERB\",\"VB\",[\"be\",\"O\",\"\"]],[\"hanging\",\"hang\",\"VERB\",\"VBG\",[\"hanging\",\"O\",\"\"]],[\"out\",\"out\",\"PART\",\"RP\",[\"out\",\"O\",\"\"]],[\".\",\".\",\"PUNCT\",\".\",[\".\",\"O\",\"\"]],[\"But\",\"but\",\"CCONJ\",\"CC\",[\"But\",\"O\",\"\"]],[\"somewhere\",\"somewhere\",\"ADV\",\"RB\",[\"somewhere\",\"O\",\"\"]],[\"that\",\"that\",\"ADP\",\"IN\",[\"that\",\"O\",\"\"]],[\"they\",\"-PRON-\",\"PRON\",\"PRP\",[\"they\",\"O\",\"\"]],[\"know\",\"know\",\"VERB\",\"VBP\",[\"know\",\"O\",\"\"]],[\"they\",\"-PRON-\",\"PRON\",\"PRP\",[\"they\",\"O\",\"\"]],[\"'re\",\"be\",\"VERB\",\"VBP\",[\"'re\",\"O\",\"\"]],[\"not\",\"not\",\"ADV\",\"RB\",[\"not\",\"O\",\"\"]],[\"being\",\"be\",\"VERB\",\"VBG\",[\"being\",\"O\",\"\"]],[\"spied\",\"spy\",\"VERB\",\"VBN\",[\"spied\",\"O\",\"\"]],[\"on\",\"on\",\"ADP\",\"IN\",[\"on\",\"O\",\"\"]],[\"all\",\"all\",\"ADJ\",\"PDT\",[\"all\",\"O\",\"\"]],[\"the\",\"the\",\"DET\",\"DT\",[\"the\",\"O\",\"\"]],[\"time\",\"time\",\"NOUN\",\"NN\",[\"time\",\"O\",\"\"]],[\".\",\".\",\"PUNCT\",\".\",[\".\",\"O\",\"\"]],[\"Kids\",\"kid\",\"NOUN\",\"NNS\",[\"Kids\",\"O\",\"\"]],[\"are\",\"be\",\"VERB\",\"VBP\",[\"are\",\"O\",\"\"]],[\"going\",\"go\",\"VERB\",\"VBG\",[\"going\",\"O\",\"\"]],[\"to\",\"to\",\"PART\",\"TO\",[\"to\",\"O\",\"\"]],[\"sneak\",\"sneak\",\"VERB\",\"VB\",[\"sneak\",\"O\",\"\"]],[\"out\",\"out\",\"PART\",\"RP\",[\"out\",\"O\",\"\"]],[\"to\",\"to\",\"PART\",\"TO\",[\"to\",\"O\",\"\"]],[\"get\",\"get\",\"VERB\",\"VB\",[\"get\",\"O\",\"\"]],[\"out\",\"out\",\"PART\",\"RP\",[\"out\",\"O\",\"\"]],[\"from\",\"from\",\"ADP\",\"IN\",[\"from\",\"O\",\"\"]],[\"under\",\"under\",\"ADP\",\"IN\",[\"under\",\"O\",\"\"]],[\"the\",\"the\",\"DET\",\"DT\",[\"the\",\"O\",\"\"]],[\"all\",\"all\",\"ADV\",\"RB\",[\"all\",\"O\",\"\"]],[\"-\",\"-\",\"PUNCT\",\"HYPH\",[\"-\",\"O\",\"\"]],[\"watching\",\"watch\",\"VERB\",\"VBG\",[\"watching\",\"O\",\"\"]],[\"eye\",\"eye\",\"NOUN\",\"NN\",[\"eye\",\"O\",\"\"]],[\"of\",\"of\",\"ADP\",\"IN\",[\"of\",\"O\",\"\"]],[\"adults\",\"adult\",\"NOUN\",\"NNS\",[\"adults\",\"O\",\"\"]],[\",\",\",\",\"PUNCT\",\",\",[\",\",\"O\",\"\"]],[\"it\",\"-PRON-\",\"PRON\",\"PRP\",[\"it\",\"O\",\"\"]],[\"just\",\"just\",\"ADV\",\"RB\",[\"just\",\"O\",\"\"]],[\"gives\",\"give\",\"VERB\",\"VBZ\",[\"gives\",\"O\",\"\"]],[\"adults\",\"adult\",\"NOUN\",\"NNS\",[\"adults\",\"O\",\"\"]],[\"psychological\",\"psychological\",\"ADJ\",\"JJ\",[\"psychological\",\"O\",\"\"]],[\"security\",\"security\",\"NOUN\",\"NN\",[\"security\",\"O\",\"\"]],[\"'cause\",\"because\",\"ADP\",\"IN\",[\"'cause\",\"O\",\"\"]],[\"they\",\"-PRON-\",\"PRON\",\"PRP\",[\"they\",\"O\",\"\"]],[\"do\",\"do\",\"VERB\",\"VBP\",[\"do\",\"O\",\"\"]],[\"n't\",\"not\",\"ADV\",\"RB\",[\"n't\",\"O\",\"\"]],[\"know\",\"know\",\"VERB\",\"VB\",[\"know\",\"O\",\"\"]],[\"about\",\"about\",\"ADP\",\"IN\",[\"about\",\"O\",\"\"]],[\"it\",\"-PRON-\",\"PRON\",\"PRP\",[\"it\",\"O\",\"\"]],[\";\",\";\",\"PUNCT\",\":\",[\";\",\"O\",\"\"]],[\"better\",\"better\",\"ADV\",\"RBR\",[\"better\",\"O\",\"\"]],[\"to\",\"to\",\"PART\",\"TO\",[\"to\",\"O\",\"\"]],[\"just\",\"just\",\"ADV\",\"RB\",[\"just\",\"O\",\"\"]],[\"give\",\"give\",\"VERB\",\"VB\",[\"give\",\"O\",\"\"]],[\"them\",\"-PRON-\",\"PRON\",\"PRP\",[\"them\",\"O\",\"\"]],[\"a\",\"a\",\"DET\",\"DT\",[\"a\",\"O\",\"\"]],[\"place\",\"place\",\"NOUN\",\"NN\",[\"place\",\"O\",\"\"]],[\"to\",\"to\",\"PART\",\"TO\",[\"to\",\"O\",\"\"]],[\"go\",\"go\",\"VERB\",\"VB\",[\"go\",\"O\",\"\"]],[\"so\",\"so\",\"ADP\",\"IN\",[\"so\",\"O\",\"\"]],[\"that\",\"that\",\"ADP\",\"IN\",[\"that\",\"O\",\"\"]],[\"they\",\"-PRON-\",\"PRON\",\"PRP\",[\"they\",\"O\",\"\"]],[\"do\",\"do\",\"VERB\",\"VBP\",[\"do\",\"O\",\"\"]],[\"n't\",\"not\",\"ADV\",\"RB\",[\"n't\",\"O\",\"\"]],[\"have\",\"have\",\"VERB\",\"VB\",[\"have\",\"O\",\"\"]],[\"to\",\"to\",\"PART\",\"TO\",[\"to\",\"O\",\"\"]],[\".\",\".\",\"PUNCT\",\".\",[\".\",\"O\",\"\"]],[\"It\",\"-PRON-\",\"PRON\",\"PRP\",[\"It\",\"O\",\"\"]],[\"would\",\"would\",\"VERB\",\"MD\",[\"would\",\"O\",\"\"]],[\"be\",\"be\",\"VERB\",\"VB\",[\"be\",\"O\",\"\"]],[\"safer\",\"safe\",\"ADJ\",\"JJR\",[\"safer\",\"O\",\"\"]],[\"for\",\"for\",\"ADP\",\"IN\",[\"for\",\"O\",\"\"]],[\"them\",\"-PRON-\",\"PRON\",\"PRP\",[\"them\",\"O\",\"\"]],[\"and\",\"and\",\"CCONJ\",\"CC\",[\"and\",\"O\",\"\"]],[\"it\",\"-PRON-\",\"PRON\",\"PRP\",[\"it\",\"O\",\"\"]],[\"would\",\"would\",\"VERB\",\"MD\",[\"would\",\"O\",\"\"]],[\"remove\",\"remove\",\"VERB\",\"VB\",[\"remove\",\"O\",\"\"]],[\"a\",\"a\",\"DET\",\"DT\",[\"a\",\"O\",\"\"]],[\"lot\",\"lot\",\"NOUN\",\"NN\",[\"lot\",\"O\",\"\"]],[\"of\",\"of\",\"ADP\",\"IN\",[\"of\",\"O\",\"\"]],[\"the\",\"the\",\"DET\",\"DT\",[\"the\",\"O\",\"\"]],[\"stigma\",\"stigma\",\"NOUN\",\"NN\",[\"stigma\",\"O\",\"\"]],[\"of\",\"of\",\"ADP\",\"IN\",[\"of\",\"O\",\"\"]],[\"compulsory\",\"compulsory\",\"ADJ\",\"JJ\",[\"compulsory\",\"O\",\"\"]],[\"rebellion\",\"rebellion\",\"NOUN\",\"NN\",[\"rebellion\",\"O\",\"\"]],[\"that\",\"that\",\"ADJ\",\"WDT\",[\"that\",\"O\",\"\"]],[\"leads\",\"lead\",\"VERB\",\"VBZ\",[\"leads\",\"O\",\"\"]],[\"to\",\"to\",\"ADP\",\"IN\",[\"to\",\"O\",\"\"]],[\"things\",\"thing\",\"NOUN\",\"NNS\",[\"things\",\"O\",\"\"]],[\"like\",\"like\",\"ADP\",\"IN\",[\"like\",\"O\",\"\"]],[\"teenage\",\"teenage\",\"ADJ\",\"JJ\",[\"teenage\",\"O\",\"\"]],[\"drinking\",\"drinking\",\"NOUN\",\"NN\",[\"drinking\",\"O\",\"\"]],[\".\",\".\",\"PUNCT\",\".\",[\".\",\"O\",\"\"]],[\"\\n\\n\",\"\\n\\n\",\"SPACE\",\"_SP\",[\"\\n\\n\",\"O\",\"\"]],[\"10\",\"10\",\"NUM\",\"CD\",[\"10\",\"B\",\"CARDINAL\"]],[\".\",\".\",\"PUNCT\",\".\",[\".\",\"O\",\"\"]],[\"Join\",\"join\",\"VERB\",\"VB\",[\"Join\",\"O\",\"\"]],[\"kids\",\"kid\",\"NOUN\",\"NNS\",[\"kids\",\"O\",\"\"]],[\"together\",\"together\",\"ADV\",\"RB\",[\"together\",\"O\",\"\"]],[\"on\",\"on\",\"ADP\",\"IN\",[\"on\",\"O\",\"\"]],[\"a\",\"a\",\"DET\",\"DT\",[\"a\",\"O\",\"\"]],[\"national\",\"national\",\"ADJ\",\"JJ\",[\"national\",\"O\",\"\"]],[\"level\",\"level\",\"NOUN\",\"NN\",[\"level\",\"O\",\"\"]],[\",\",\",\",\"PUNCT\",\",\",[\",\",\"O\",\"\"]],[\"through\",\"through\",\"ADP\",\"IN\",[\"through\",\"O\",\"\"]],[\"competitive\",\"competitive\",\"ADJ\",\"JJ\",[\"competitive\",\"O\",\"\"]],[\"associations\",\"association\",\"NOUN\",\"NNS\",[\"associations\",\"B\",\"ORG\"]],[\"and\",\"and\",\"CCONJ\",\"CC\",[\"and\",\"O\",\"\"]],[\"through\",\"through\",\"ADP\",\"IN\",[\"through\",\"O\",\"\"]],[\"the\",\"the\",\"DET\",\"DT\",[\"the\",\"O\",\"\"]],[\"internet\",\"internet\",\"NOUN\",\"NN\",[\"internet\",\"O\",\"\"]],[\".\",\".\",\"PUNCT\",\".\",[\".\",\"O\",\"\"]],[\"In\",\"in\",\"ADP\",\"IN\",[\"In\",\"O\",\"\"]],[\"debate\",\"debate\",\"NOUN\",\"NN\",[\"debate\",\"O\",\"\"]],[\",\",\",\",\"PUNCT\",\",\",[\",\",\"O\",\"\"]],[\"we\",\"-PRON-\",\"PRON\",\"PRP\",[\"we\",\"O\",\"\"]],[\"travelled\",\"travel\",\"VERB\",\"VBD\",[\"travelled\",\"O\",\"\"]],[\"nationally\",\"nationally\",\"ADV\",\"RB\",[\"nationally\",\"O\",\"\"]],[\"and\",\"and\",\"CCONJ\",\"CC\",[\"and\",\"O\",\"\"]],[\"there\",\"there\",\"ADV\",\"EX\",[\"there\",\"O\",\"\"]],[\"was\",\"be\",\"VERB\",\"VBD\",[\"was\",\"O\",\"\"]],[\"a\",\"a\",\"DET\",\"DT\",[\"a\",\"O\",\"\"]],[\"well\",\"well\",\"ADV\",\"RB\",[\"well\",\"O\",\"\"]],[\"-\",\"-\",\"PUNCT\",\"HYPH\",[\"-\",\"O\",\"\"]],[\"known\",\"know\",\"VERB\",\"VBN\",[\"known\",\"O\",\"\"]],[\"community\",\"community\",\"NOUN\",\"NN\",[\"community\",\"O\",\"\"]],[\"of\",\"of\",\"ADP\",\"IN\",[\"of\",\"O\",\"\"]],[\"kids\",\"kid\",\"NOUN\",\"NNS\",[\"kids\",\"O\",\"\"]],[\"competing\",\"compete\",\"VERB\",\"VBG\",[\"competing\",\"O\",\"\"]],[\"from\",\"from\",\"ADP\",\"IN\",[\"from\",\"O\",\"\"]],[\"coast\",\"coast\",\"NOUN\",\"NN\",[\"coast\",\"O\",\"\"]],[\"to\",\"to\",\"ADP\",\"IN\",[\"to\",\"O\",\"\"]],[\"coast\",\"coast\",\"NOUN\",\"NN\",[\"coast\",\"O\",\"\"]],[\".\",\".\",\"PUNCT\",\".\",[\".\",\"O\",\"\"]],[\"You\",\"-PRON-\",\"PRON\",\"PRP\",[\"You\",\"O\",\"\"]],[\"knew\",\"know\",\"VERB\",\"VBD\",[\"knew\",\"O\",\"\"]],[\"those\",\"those\",\"DET\",\"DT\",[\"those\",\"O\",\"\"]],[\"who\",\"who\",\"NOUN\",\"WP\",[\"who\",\"O\",\"\"]],[\"were\",\"be\",\"VERB\",\"VBD\",[\"were\",\"O\",\"\"]],[\"the\",\"the\",\"DET\",\"DT\",[\"the\",\"O\",\"\"]],[\"best\",\"good\",\"ADJ\",\"JJS\",[\"best\",\"O\",\"\"]],[\",\",\",\",\"PUNCT\",\",\",[\",\",\"O\",\"\"]],[\"and\",\"and\",\"CCONJ\",\"CC\",[\"and\",\"O\",\"\"]],[\"at\",\"at\",\"ADP\",\"IN\",[\"at\",\"O\",\"\"]],[\"least\",\"least\",\"ADJ\",\"JJS\",[\"least\",\"O\",\"\"]],[\"recognized\",\"recognize\",\"VERB\",\"VBN\",[\"recognized\",\"O\",\"\"]],[\"many\",\"many\",\"ADJ\",\"JJ\",[\"many\",\"O\",\"\"]],[\"more\",\"more\",\"ADJ\",\"JJR\",[\"more\",\"O\",\"\"]],[\".\",\".\",\"PUNCT\",\".\",[\".\",\"O\",\"\"]],[\"We\",\"-PRON-\",\"PRON\",\"PRP\",[\"We\",\"O\",\"\"]],[\"posted\",\"post\",\"VERB\",\"VBD\",[\"posted\",\"O\",\"\"]],[\"on\",\"on\",\"ADP\",\"IN\",[\"on\",\"O\",\"\"]],[\"message\",\"message\",\"NOUN\",\"NN\",[\"message\",\"O\",\"\"]],[\"boards\",\"board\",\"NOUN\",\"NNS\",[\"boards\",\"O\",\"\"]],[\",\",\",\",\"PUNCT\",\",\",[\",\",\"O\",\"\"]],[\"went\",\"go\",\"VERB\",\"VBD\",[\"went\",\"O\",\"\"]],[\"to\",\"to\",\"ADP\",\"IN\",[\"to\",\"O\",\"\"]],[\"camps\",\"camp\",\"NOUN\",\"NNS\",[\"camps\",\"O\",\"\"]],[\"together\",\"together\",\"ADV\",\"RB\",[\"together\",\"O\",\"\"]],[\",\",\",\",\"PUNCT\",\",\",[\",\",\"O\",\"\"]],[\"and\",\"and\",\"CCONJ\",\"CC\",[\"and\",\"O\",\"\"]],[\"argued\",\"argue\",\"VERB\",\"VBD\",[\"argued\",\"O\",\"\"]],[\"about\",\"about\",\"ADP\",\"IN\",[\"about\",\"O\",\"\"]],[\"a\",\"a\",\"DET\",\"DT\",[\"a\",\"O\",\"\"]],[\"whole\",\"whole\",\"ADJ\",\"JJ\",[\"whole\",\"O\",\"\"]],[\"range\",\"range\",\"NOUN\",\"NN\",[\"range\",\"O\",\"\"]],[\"of\",\"of\",\"ADP\",\"IN\",[\"of\",\"O\",\"\"]],[\"topics\",\"topic\",\"NOUN\",\"NNS\",[\"topics\",\"O\",\"\"]],[\".\",\".\",\"PUNCT\",\".\",[\".\",\"O\",\"\"]],[\"I\",\"-PRON-\",\"PRON\",\"PRP\",[\"I\",\"O\",\"\"]],[\"still\",\"still\",\"ADV\",\"RB\",[\"still\",\"O\",\"\"]],[\"know\",\"know\",\"VERB\",\"VBP\",[\"know\",\"O\",\"\"]],[\"many\",\"many\",\"ADJ\",\"JJ\",[\"many\",\"O\",\"\"]],[\"of\",\"of\",\"ADP\",\"IN\",[\"of\",\"O\",\"\"]],[\"these\",\"these\",\"DET\",\"DT\",[\"these\",\"O\",\"\"]],[\"people\",\"people\",\"NOUN\",\"NNS\",[\"people\",\"O\",\"\"]],[\",\",\",\",\"PUNCT\",\",\",[\",\",\"O\",\"\"]],[\"some\",\"some\",\"DET\",\"DT\",[\"some\",\"O\",\"\"]],[\"of\",\"of\",\"ADP\",\"IN\",[\"of\",\"O\",\"\"]],[\"whom\",\"whom\",\"NOUN\",\"WP\",[\"whom\",\"O\",\"\"]],[\"I\",\"-PRON-\",\"PRON\",\"PRP\",[\"I\",\"O\",\"\"]],[\"'ve\",\"have\",\"VERB\",\"VB\",[\"'ve\",\"O\",\"\"]],[\"never\",\"never\",\"ADV\",\"RB\",[\"never\",\"O\",\"\"]],[\"met\",\"meet\",\"VERB\",\"VBN\",[\"met\",\"O\",\"\"]],[\".\",\".\",\"PUNCT\",\".\",[\".\",\"O\",\"\"]],[\"Many\",\"many\",\"ADJ\",\"JJ\",[\"Many\",\"O\",\"\"]],[\"kids\",\"kid\",\"NOUN\",\"NNS\",[\"kids\",\"O\",\"\"]],[\"go\",\"go\",\"VERB\",\"VBP\",[\"go\",\"O\",\"\"]],[\"to\",\"to\",\"ADP\",\"IN\",[\"to\",\"O\",\"\"]],[\"small\",\"small\",\"ADJ\",\"JJ\",[\"small\",\"O\",\"\"]],[\"schools\",\"school\",\"NOUN\",\"NNS\",[\"schools\",\"O\",\"\"]],[\"and\",\"and\",\"CCONJ\",\"CC\",[\"and\",\"O\",\"\"]],[\"need\",\"need\",\"VERB\",\"VBP\",[\"need\",\"O\",\"\"]],[\"to\",\"to\",\"PART\",\"TO\",[\"to\",\"O\",\"\"]],[\"be\",\"be\",\"VERB\",\"VB\",[\"be\",\"O\",\"\"]],[\"connected\",\"connect\",\"VERB\",\"VBN\",[\"connected\",\"O\",\"\"]],[\"with\",\"with\",\"ADP\",\"IN\",[\"with\",\"O\",\"\"]],[\"the\",\"the\",\"DET\",\"DT\",[\"the\",\"O\",\"\"]],[\"wider\",\"wide\",\"ADJ\",\"JJR\",[\"wider\",\"O\",\"\"]],[\"world\",\"world\",\"NOUN\",\"NN\",[\"world\",\"O\",\"\"]],[\".\",\".\",\"PUNCT\",\".\",[\".\",\"O\",\"\"]],[\"\\n\\n\",\"\\n\\n\",\"SPACE\",\"_SP\",[\"\\n\\n\",\"O\",\"\"]],[\"11\",\"11\",\"NUM\",\"CD\",[\"11\",\"B\",\"CARDINAL\"]],[\".\",\".\",\"PUNCT\",\".\",[\".\",\"O\",\"\"]],[\"Dismantle\",\"dismantle\",\"VERB\",\"VB\",[\"Dismantle\",\"B\",\"ORG\"]],[\"completely\",\"completely\",\"ADV\",\"RB\",[\"completely\",\"O\",\"\"]],[\"the\",\"the\",\"DET\",\"DT\",[\"the\",\"O\",\"\"]],[\"current\",\"current\",\"ADJ\",\"JJ\",[\"current\",\"O\",\"\"]],[\"standardized\",\"standardized\",\"ADJ\",\"JJ\",[\"standardized\",\"O\",\"\"]],[\"-\",\"-\",\"PUNCT\",\"HYPH\",[\"-\",\"O\",\"\"]],[\"test\",\"test\",\"NOUN\",\"NN\",[\"test\",\"O\",\"\"]],[\"regime\",\"regime\",\"NOUN\",\"NN\",[\"regime\",\"O\",\"\"]],[\"and\",\"and\",\"CCONJ\",\"CC\",[\"and\",\"O\",\"\"]],[\"the\",\"the\",\"DET\",\"DT\",[\"the\",\"O\",\"\"]],[\"corrupt\",\"corrupt\",\"ADJ\",\"JJ\",[\"corrupt\",\"O\",\"\"]],[\"textbook\",\"textbook\",\"NOUN\",\"NN\",[\"textbook\",\"O\",\"\"]],[\"and\",\"and\",\"CCONJ\",\"CC\",[\"and\",\"O\",\"\"]],[\"curricula\",\"curricula\",\"NOUN\",\"NN\",[\"curricula\",\"O\",\"\"]],[\"development\",\"development\",\"NOUN\",\"NN\",[\"development\",\"O\",\"\"]],[\"machine\",\"machine\",\"NOUN\",\"NN\",[\"machine\",\"O\",\"\"]],[\".\",\".\",\"PUNCT\",\".\",[\".\",\"O\",\"\"]],[\"These\",\"these\",\"DET\",\"DT\",[\"These\",\"O\",\"\"]],[\"parts\",\"part\",\"NOUN\",\"NNS\",[\"parts\",\"O\",\"\"]],[\"of\",\"of\",\"ADP\",\"IN\",[\"of\",\"O\",\"\"]],[\"the\",\"the\",\"DET\",\"DT\",[\"the\",\"O\",\"\"]],[\"educational\",\"educational\",\"ADJ\",\"JJ\",[\"educational\",\"O\",\"\"]],[\"system\",\"system\",\"NOUN\",\"NN\",[\"system\",\"O\",\"\"]],[\"are\",\"be\",\"VERB\",\"VBP\",[\"are\",\"O\",\"\"]],[\"an\",\"an\",\"DET\",\"DT\",[\"an\",\"O\",\"\"]],[\"absolute\",\"absolute\",\"ADJ\",\"JJ\",[\"absolute\",\"O\",\"\"]],[\"sham\",\"sham\",\"NOUN\",\"NN\",[\"sham\",\"O\",\"\"]],[\",\",\",\",\"PUNCT\",\",\",[\",\",\"O\",\"\"]],[\"and\",\"and\",\"CCONJ\",\"CC\",[\"and\",\"O\",\"\"]],[\"it[.\",\"it[.\",\"ADV\",\"RB\",[\"it[.\",\"O\",\"\"]],[\"]\",\"]\",\"PUNCT\",\"-RRB-\",[\"]\",\"O\",\"\"]],[\"very\",\"very\",\"ADV\",\"RB\",[\"very\",\"O\",\"\"]],[\"well\",\"well\",\"ADV\",\"RB\",[\"well\",\"O\",\"\"]],[\"-\",\"-\",\"PUNCT\",\"HYPH\",[\"-\",\"O\",\"\"]],[\"documented\",\"document\",\"VERB\",\"VBN\",[\"documented\",\"O\",\"\"]],[\".\",\".\",\"PUNCT\",\".\",[\".\",\"O\",\"\"]],[\"\\n\\n\",\"\\n\\n\",\"SPACE\",\"_SP\",[\"\\n\\n\",\"O\",\"\"]],[\"12\",\"12\",\"NUM\",\"CD\",[\"12\",\"B\",\"CARDINAL\"]],[\".\",\".\",\"PUNCT\",\".\",[\".\",\"O\",\"\"]],[\"An\",\"an\",\"DET\",\"DT\",[\"An\",\"O\",\"\"]],[\"acknowledgment\",\"acknowledgment\",\"NOUN\",\"NN\",[\"acknowledgment\",\"O\",\"\"]],[\"that\",\"that\",\"ADJ\",\"WDT\",[\"that\",\"O\",\"\"]],[\"children\",\"child\",\"NOUN\",\"NNS\",[\"children\",\"O\",\"\"]],[\"are\",\"be\",\"VERB\",\"VBP\",[\"are\",\"O\",\"\"]],[\"real\",\"real\",\"ADJ\",\"JJ\",[\"real\",\"O\",\"\"]],[\"people\",\"people\",\"NOUN\",\"NNS\",[\"people\",\"O\",\"\"]],[\".\",\".\",\"PUNCT\",\".\",[\".\",\"O\",\"\"]],[\"High\",\"high\",\"ADJ\",\"JJ\",[\"High\",\"O\",\"\"]],[\"school\",\"school\",\"NOUN\",\"NN\",[\"school\",\"O\",\"\"]],[\"students\",\"student\",\"NOUN\",\"NNS\",[\"students\",\"O\",\"\"]],[\"get\",\"get\",\"VERB\",\"VBP\",[\"get\",\"O\",\"\"]],[\"treated\",\"treat\",\"VERB\",\"VBN\",[\"treated\",\"O\",\"\"]],[\"like\",\"like\",\"ADP\",\"IN\",[\"like\",\"O\",\"\"]],[\"robots\",\"robot\",\"NOUN\",\"NNS\",[\"robots\",\"O\",\"\"]],[\".\",\".\",\"PUNCT\",\".\",[\".\",\"O\",\"\"]],[\"It[.\",\"it[.\",\"PROPN\",\"NNP\",[\"It[.\",\"O\",\"\"]],[\"]\",\"]\",\"PUNCT\",\"-RRB-\",[\"]\",\"O\",\"\"]],[\"horrific\",\"horrific\",\"ADJ\",\"JJ\",[\"horrific\",\"O\",\"\"]],[\".\",\".\",\"PUNCT\",\".\",[\".\",\"O\",\"\"]],[\"Most\",\"most\",\"ADJ\",\"JJS\",[\"Most\",\"O\",\"\"]],[\"adults\",\"adult\",\"NOUN\",\"NNS\",[\"adults\",\"O\",\"\"]],[\"do\",\"do\",\"VERB\",\"VBP\",[\"do\",\"O\",\"\"]],[\"n't\",\"not\",\"ADV\",\"RB\",[\"n't\",\"O\",\"\"]],[\"even\",\"even\",\"ADV\",\"RB\",[\"even\",\"O\",\"\"]],[\"realize\",\"realize\",\"VERB\",\"VB\",[\"realize\",\"O\",\"\"]],[\"when\",\"when\",\"ADV\",\"WRB\",[\"when\",\"O\",\"\"]],[\"they\",\"-PRON-\",\"PRON\",\"PRP\",[\"they\",\"O\",\"\"]],[\"'re\",\"be\",\"VERB\",\"VBP\",[\"'re\",\"O\",\"\"]],[\"talking\",\"talk\",\"VERB\",\"VBG\",[\"talking\",\"O\",\"\"]],[\"down\",\"down\",\"PART\",\"RP\",[\"down\",\"O\",\"\"]],[\"to\",\"to\",\"ADP\",\"IN\",[\"to\",\"O\",\"\"]],[\"kids\",\"kid\",\"NOUN\",\"NNS\",[\"kids\",\"O\",\"\"]],[\",\",\",\",\"PUNCT\",\",\",[\",\",\"O\",\"\"]],[\"and\",\"and\",\"CCONJ\",\"CC\",[\"and\",\"O\",\"\"]],[\"it[.\",\"it[.\",\"ADV\",\"RB\",[\"it[.\",\"O\",\"\"]],[\"]\",\"]\",\"PUNCT\",\"-RRB-\",[\"]\",\"O\",\"\"]],[\"infuriating\",\"infuriating\",\"ADJ\",\"JJ\",[\"infuriating\",\"O\",\"\"]],[\".\",\".\",\"PUNCT\",\".\",[\".\",\"O\",\"\"]],[\"It[.\",\"it[.\",\"PROPN\",\"NNP\",[\"It[.\",\"O\",\"\"]],[\"]\",\"]\",\"PUNCT\",\"-RRB-\",[\"]\",\"O\",\"\"]],[\"like\",\"like\",\"ADP\",\"IN\",[\"like\",\"O\",\"\"]],[\"they\",\"-PRON-\",\"PRON\",\"PRP\",[\"they\",\"O\",\"\"]],[\"'re\",\"be\",\"VERB\",\"VBP\",[\"'re\",\"O\",\"\"]],[\"talking\",\"talk\",\"VERB\",\"VBG\",[\"talking\",\"O\",\"\"]],[\"to\",\"to\",\"ADP\",\"IN\",[\"to\",\"O\",\"\"]],[\"someone\",\"someone\",\"NOUN\",\"NN\",[\"someone\",\"O\",\"\"]],[\"who[.\",\"who[.\",\"DET\",\"DT\",[\"who[.\",\"O\",\"\"]],[\"]\",\"]\",\"PUNCT\",\"-RRB-\",[\"]\",\"O\",\"\"]],[\"mentally\",\"mentally\",\"ADV\",\"RB\",[\"mentally\",\"O\",\"\"]],[\"handicapped\",\"handicapped\",\"ADJ\",\"JJ\",[\"handicapped\",\"O\",\"\"]],[\"or\",\"or\",\"CCONJ\",\"CC\",[\"or\",\"O\",\"\"]],[\"something\",\"something\",\"NOUN\",\"NN\",[\"something\",\"O\",\"\"]],[\".\",\".\",\"PUNCT\",\".\",[\".\",\"O\",\"\"]],[\"Adults\",\"adult\",\"NOUN\",\"NNS\",[\"Adults\",\"O\",\"\"]],[\"need\",\"need\",\"VERB\",\"VBP\",[\"need\",\"O\",\"\"]],[\"to\",\"to\",\"PART\",\"TO\",[\"to\",\"O\",\"\"]],[\"get\",\"get\",\"VERB\",\"VB\",[\"get\",\"O\",\"\"]],[\"over\",\"over\",\"ADP\",\"IN\",[\"over\",\"O\",\"\"]],[\"the\",\"the\",\"DET\",\"DT\",[\"the\",\"O\",\"\"]],[\"notion\",\"notion\",\"NOUN\",\"NN\",[\"notion\",\"O\",\"\"]],[\"that\",\"that\",\"ADP\",\"IN\",[\"that\",\"O\",\"\"]],[\"just\",\"just\",\"ADV\",\"RB\",[\"just\",\"O\",\"\"]],[\"because\",\"because\",\"ADP\",\"IN\",[\"because\",\"O\",\"\"]],[\"they\",\"-PRON-\",\"PRON\",\"PRP\",[\"they\",\"O\",\"\"]],[\"'re\",\"be\",\"VERB\",\"VBP\",[\"'re\",\"O\",\"\"]],[\"older\",\"old\",\"ADJ\",\"JJR\",[\"older\",\"O\",\"\"]],[\"they\",\"-PRON-\",\"PRON\",\"PRP\",[\"they\",\"O\",\"\"]],[\"have\",\"have\",\"VERB\",\"VBP\",[\"have\",\"O\",\"\"]],[\"'\",\"'\",\"PUNCT\",\"``\",[\"'\",\"O\",\"\"]],[\"wisdom\",\"wisdom\",\"NOUN\",\"NN\",[\"wisdom\",\"O\",\"\"]],[\"'\",\"'\",\"PUNCT\",\"''\",[\"'\",\"O\",\"\"]],[\"and\",\"and\",\"CCONJ\",\"CC\",[\"and\",\"O\",\"\"]],[\"kids\",\"kid\",\"NOUN\",\"NNS\",[\"kids\",\"O\",\"\"]],[\"ca\",\"can\",\"VERB\",\"MD\",[\"ca\",\"O\",\"\"]],[\"n't\",\"not\",\"ADV\",\"RB\",[\"n't\",\"O\",\"\"]],[\"understand\",\"understand\",\"VERB\",\"VB\",[\"understand\",\"O\",\"\"]],[\"it\",\"-PRON-\",\"PRON\",\"PRP\",[\"it\",\"O\",\"\"]],[\".\",\".\",\"PUNCT\",\".\",[\".\",\"O\",\"\"]],[\"Most\",\"most\",\"ADJ\",\"JJS\",[\"Most\",\"O\",\"\"]],[\"every\",\"every\",\"DET\",\"DT\",[\"every\",\"O\",\"\"]],[\"adult\",\"adult\",\"NOUN\",\"NN\",[\"adult\",\"O\",\"\"]],[\"I\",\"-PRON-\",\"PRON\",\"PRP\",[\"I\",\"O\",\"\"]],[\"know\",\"know\",\"VERB\",\"VBP\",[\"know\",\"O\",\"\"]],[\"is\",\"be\",\"VERB\",\"VBZ\",[\"is\",\"O\",\"\"]],[\"still\",\"still\",\"ADV\",\"RB\",[\"still\",\"O\",\"\"]],[\"no\",\"no\",\"ADV\",\"RB\",[\"no\",\"O\",\"\"]],[\"more\",\"more\",\"ADV\",\"RBR\",[\"more\",\"O\",\"\"]],[\"mature\",\"mature\",\"ADJ\",\"JJ\",[\"mature\",\"O\",\"\"]],[\"than\",\"than\",\"ADP\",\"IN\",[\"than\",\"O\",\"\"]],[\"many\",\"many\",\"ADJ\",\"JJ\",[\"many\",\"O\",\"\"]],[\"of\",\"of\",\"ADP\",\"IN\",[\"of\",\"O\",\"\"]],[\"the\",\"the\",\"DET\",\"DT\",[\"the\",\"O\",\"\"]],[\"kids\",\"kid\",\"NOUN\",\"NNS\",[\"kids\",\"O\",\"\"]],[\"I\",\"-PRON-\",\"PRON\",\"PRP\",[\"I\",\"O\",\"\"]],[\"know\",\"know\",\"VERB\",\"VBP\",[\"know\",\"O\",\"\"]],[\"--\",\"--\",\"PUNCT\",\":\",[\"--\",\"O\",\"\"]],[\"they\",\"-PRON-\",\"PRON\",\"PRP\",[\"they\",\"O\",\"\"]],[\"'re\",\"be\",\"VERB\",\"VBP\",[\"'re\",\"O\",\"\"]],[\"just\",\"just\",\"ADV\",\"RB\",[\"just\",\"O\",\"\"]],[\"better\",\"good\",\"ADJ\",\"JJR\",[\"better\",\"O\",\"\"]],[\"at\",\"at\",\"ADP\",\"IN\",[\"at\",\"O\",\"\"]],[\"hiding\",\"hide\",\"VERB\",\"VBG\",[\"hiding\",\"O\",\"\"]],[\"it\",\"-PRON-\",\"PRON\",\"PRP\",[\"it\",\"O\",\"\"]],[\".\",\".\",\"PUNCT\",\".\",[\".\",\"O\",\"\"]],[\"All\",\"all\",\"ADJ\",\"PDT\",[\"All\",\"O\",\"\"]],[\"the\",\"the\",\"DET\",\"DT\",[\"the\",\"O\",\"\"]],[\"adults\",\"adult\",\"NOUN\",\"NNS\",[\"adults\",\"O\",\"\"]],[\"I\",\"-PRON-\",\"PRON\",\"PRP\",[\"I\",\"O\",\"\"]],[\"knew\",\"know\",\"VERB\",\"VBD\",[\"knew\",\"O\",\"\"]],[\"growing\",\"grow\",\"VERB\",\"VBG\",[\"growing\",\"O\",\"\"]],[\"up\",\"up\",\"PART\",\"RP\",[\"up\",\"O\",\"\"]],[\"get\",\"get\",\"VERB\",\"VBP\",[\"get\",\"O\",\"\"]],[\"high\",\"high\",\"ADJ\",\"JJ\",[\"high\",\"O\",\"\"]],[\"and\",\"and\",\"CCONJ\",\"CC\",[\"and\",\"O\",\"\"]],[\"do\",\"do\",\"VERB\",\"VB\",[\"do\",\"O\",\"\"]],[\"stupid\",\"stupid\",\"ADJ\",\"JJ\",[\"stupid\",\"O\",\"\"]],[\"shit\",\"shit\",\"NOUN\",\"NN\",[\"shit\",\"O\",\"\"]],[\"romantically\",\"romantically\",\"ADV\",\"RB\",[\"romantically\",\"O\",\"\"]],[\"and\",\"and\",\"CCONJ\",\"CC\",[\"and\",\"O\",\"\"]],[\"get\",\"get\",\"VERB\",\"VB\",[\"get\",\"O\",\"\"]],[\"depressed\",\"depressed\",\"ADJ\",\"JJ\",[\"depressed\",\"O\",\"\"]],[\"and\",\"and\",\"CCONJ\",\"CC\",[\"and\",\"O\",\"\"]],[\"gossip\",\"gossip\",\"NOUN\",\"NN\",[\"gossip\",\"O\",\"\"]],[\"and\",\"and\",\"CCONJ\",\"CC\",[\"and\",\"O\",\"\"]],[\"backstab\",\"backstab\",\"NOUN\",\"NN\",[\"backstab\",\"O\",\"\"]],[\"and\",\"and\",\"CCONJ\",\"CC\",[\"and\",\"O\",\"\"]],[\"drink\",\"drink\",\"VERB\",\"VB\",[\"drink\",\"O\",\"\"]],[\"too\",\"too\",\"ADV\",\"RB\",[\"too\",\"O\",\"\"]],[\"much\",\"much\",\"ADV\",\"RB\",[\"much\",\"O\",\"\"]],[\".\",\".\",\"PUNCT\",\".\",[\".\",\"O\",\"\"]],[\"They\",\"-PRON-\",\"PRON\",\"PRP\",[\"They\",\"O\",\"\"]],[\"'ve\",\"have\",\"VERB\",\"VB\",[\"'ve\",\"O\",\"\"]],[\"just\",\"just\",\"ADV\",\"RB\",[\"just\",\"O\",\"\"]],[\"created\",\"create\",\"VERB\",\"VBN\",[\"created\",\"O\",\"\"]],[\"this\",\"this\",\"DET\",\"DT\",[\"this\",\"O\",\"\"]],[\"Santa\",\"santa\",\"PROPN\",\"NNP\",[\"Santa\",\"B\",\"ORG\"]],[\"Claus\",\"claus\",\"PROPN\",\"NNP\",[\"Claus\",\"I\",\"ORG\"]],[\"myth\",\"myth\",\"NOUN\",\"NN\",[\"myth\",\"O\",\"\"]],[\"with\",\"with\",\"ADP\",\"IN\",[\"with\",\"O\",\"\"]],[\"kids\",\"kid\",\"NOUN\",\"NNS\",[\"kids\",\"O\",\"\"]],[\"that\",\"that\",\"ADP\",\"IN\",[\"that\",\"O\",\"\"]],[\"'\",\"'\",\"PUNCT\",\"``\",[\"'\",\"O\",\"\"]],[\"maturity\",\"maturity\",\"NOUN\",\"NN\",[\"maturity\",\"O\",\"\"]],[\"'\",\"'\",\"PUNCT\",\"''\",[\"'\",\"O\",\"\"]],[\"means\",\"mean\",\"VERB\",\"VBZ\",[\"means\",\"O\",\"\"]],[\"they\",\"-PRON-\",\"PRON\",\"PRP\",[\"they\",\"O\",\"\"]],[\"'ve\",\"have\",\"VERB\",\"VB\",[\"'ve\",\"O\",\"\"]],[\"moved\",\"move\",\"VERB\",\"VBN\",[\"moved\",\"O\",\"\"]],[\"past\",\"past\",\"ADV\",\"RB\",[\"past\",\"O\",\"\"]],[\"all\",\"all\",\"DET\",\"DT\",[\"all\",\"O\",\"\"]],[\"that\",\"that\",\"DET\",\"DT\",[\"that\",\"O\",\"\"]],[\".\",\".\",\"PUNCT\",\".\",[\".\",\"O\",\"\"]],[\"Bullshit\",\"bullshit\",\"PROPN\",\"NNP\",[\"Bullshit\",\"O\",\"\"]],[\".\",\".\",\"PUNCT\",\".\",[\".\",\"O\",\"\"]],[\"The\",\"the\",\"DET\",\"DT\",[\"The\",\"O\",\"\"]],[\"only\",\"only\",\"ADJ\",\"JJ\",[\"only\",\"O\",\"\"]],[\"difference\",\"difference\",\"NOUN\",\"NN\",[\"difference\",\"O\",\"\"]],[\"is\",\"be\",\"VERB\",\"VBZ\",[\"is\",\"O\",\"\"]],[\"that\",\"that\",\"ADP\",\"IN\",[\"that\",\"O\",\"\"]],[\"adults\",\"adult\",\"NOUN\",\"NNS\",[\"adults\",\"O\",\"\"]],[\"are\",\"be\",\"VERB\",\"VBP\",[\"are\",\"O\",\"\"]],[\"more\",\"more\",\"ADV\",\"RBR\",[\"more\",\"O\",\"\"]],[\"moderate\",\"moderate\",\"ADJ\",\"JJ\",[\"moderate\",\"O\",\"\"]],[\",\",\",\",\"PUNCT\",\",\",[\",\",\"O\",\"\"]],[\"have\",\"have\",\"VERB\",\"VBP\",[\"have\",\"O\",\"\"]],[\"less\",\"less\",\"ADJ\",\"JJR\",[\"less\",\"O\",\"\"]],[\"to\",\"to\",\"PART\",\"TO\",[\"to\",\"O\",\"\"]],[\"prove\",\"prove\",\"VERB\",\"VB\",[\"prove\",\"O\",\"\"]],[\",\",\",\",\"PUNCT\",\",\",[\",\",\"O\",\"\"]],[\"are\",\"be\",\"VERB\",\"VBP\",[\"are\",\"O\",\"\"]],[\"better\",\"good\",\"ADJ\",\"JJR\",[\"better\",\"O\",\"\"]],[\"at\",\"at\",\"ADP\",\"IN\",[\"at\",\"O\",\"\"]],[\"avoiding\",\"avoid\",\"VERB\",\"VBG\",[\"avoiding\",\"O\",\"\"]],[\"consequences\",\"consequence\",\"NOUN\",\"NNS\",[\"consequences\",\"O\",\"\"]],[\",\",\",\",\"PUNCT\",\",\",[\",\",\"O\",\"\"]],[\"and\",\"and\",\"CCONJ\",\"CC\",[\"and\",\"O\",\"\"]],[\"have\",\"have\",\"VERB\",\"VBP\",[\"have\",\"O\",\"\"]],[\"less\",\"less\",\"ADJ\",\"JJR\",[\"less\",\"O\",\"\"]],[\"energy\",\"energy\",\"NOUN\",\"NN\",[\"energy\",\"O\",\"\"]],[\"and\",\"and\",\"CCONJ\",\"CC\",[\"and\",\"O\",\"\"]],[\"time\",\"time\",\"NOUN\",\"NN\",[\"time\",\"O\",\"\"]],[\"to\",\"to\",\"PART\",\"TO\",[\"to\",\"O\",\"\"]],[\"do\",\"do\",\"VERB\",\"VB\",[\"do\",\"O\",\"\"]],[\"stupid\",\"stupid\",\"ADJ\",\"JJ\",[\"stupid\",\"O\",\"\"]],[\"shit\",\"shit\",\"NOUN\",\"NN\",[\"shit\",\"O\",\"\"]],[\".\",\".\",\"PUNCT\",\".\",[\".\",\"O\",\"\"]],[\"It[.\",\"it[.\",\"PROPN\",\"NNP\",[\"It[.\",\"O\",\"\"]],[\"]\",\"]\",\"PUNCT\",\"-RRB-\",[\"]\",\"O\",\"\"]],[\"pride\",\"pride\",\"NOUN\",\"NN\",[\"pride\",\"O\",\"\"]],[\"and\",\"and\",\"CCONJ\",\"CC\",[\"and\",\"O\",\"\"]],[\"it[.\",\"it[.\",\"ADJ\",\"JJ\",[\"it[.\",\"O\",\"\"]],[\"]\",\"]\",\"PUNCT\",\"-RRB-\",[\"]\",\"O\",\"\"]],[\"crap\",\"crap\",\"ADJ\",\"JJ\",[\"crap\",\"O\",\"\"]],[\".\",\".\",\"PUNCT\",\".\",[\".\",\"O\",\"\"]],[\"\\n\\n\",\"\\n\\n\",\"SPACE\",\"_SP\",[\"\\n\\n\",\"O\",\"\"]],[\"13\",\"13\",\"NUM\",\"CD\",[\"13\",\"B\",\"CARDINAL\"]],[\".\",\".\",\"PUNCT\",\".\",[\".\",\"O\",\"\"]],[\"On\",\"on\",\"ADP\",\"IN\",[\"On\",\"O\",\"\"]],[\"that\",\"that\",\"DET\",\"DT\",[\"that\",\"O\",\"\"]],[\"note\",\"note\",\"NOUN\",\"NN\",[\"note\",\"O\",\"\"]],[\",\",\",\",\"PUNCT\",\",\",[\",\",\"O\",\"\"]],[\"we\",\"-PRON-\",\"PRON\",\"PRP\",[\"we\",\"O\",\"\"]],[\"need\",\"need\",\"VERB\",\"VBP\",[\"need\",\"O\",\"\"]],[\"a\",\"a\",\"DET\",\"DT\",[\"a\",\"O\",\"\"]],[\"reasonable\",\"reasonable\",\"ADJ\",\"JJ\",[\"reasonable\",\"O\",\"\"]],[\"definition\",\"definition\",\"NOUN\",\"NN\",[\"definition\",\"O\",\"\"]],[\"of\",\"of\",\"ADP\",\"IN\",[\"of\",\"O\",\"\"]],[\"'\",\"'\",\"PUNCT\",\"``\",[\"'\",\"O\",\"\"]],[\"maturity\",\"maturity\",\"NOUN\",\"NN\",[\"maturity\",\"O\",\"\"]],[\".\",\".\",\"PUNCT\",\".\",[\".\",\"O\",\"\"]],[\"'\",\"'\",\"PUNCT\",\"''\",[\"'\",\"O\",\"\"]],[\"Maturity\",\"maturity\",\"NOUN\",\"NN\",[\"Maturity\",\"B\",\"ORG\"]],[\"is\",\"be\",\"VERB\",\"VBZ\",[\"is\",\"O\",\"\"]],[\"when\",\"when\",\"ADV\",\"WRB\",[\"when\",\"O\",\"\"]],[\"you\",\"-PRON-\",\"PRON\",\"PRP\",[\"you\",\"O\",\"\"]],[\"can\",\"can\",\"VERB\",\"MD\",[\"can\",\"O\",\"\"]],[\"do\",\"do\",\"VERB\",\"VB\",[\"do\",\"O\",\"\"]],[\"the\",\"the\",\"DET\",\"DT\",[\"the\",\"O\",\"\"]],[\"boring\",\"boring\",\"ADJ\",\"JJ\",[\"boring\",\"O\",\"\"]],[\"shit\",\"shit\",\"NOUN\",\"NN\",[\"shit\",\"O\",\"\"]],[\"like\",\"like\",\"ADP\",\"IN\",[\"like\",\"O\",\"\"]],[\"keeping\",\"keep\",\"VERB\",\"VBG\",[\"keeping\",\"O\",\"\"]],[\"your\",\"-PRON-\",\"ADJ\",\"PRP$\",[\"your\",\"O\",\"\"]],[\"apartment\",\"apartment\",\"NOUN\",\"NN\",[\"apartment\",\"O\",\"\"]],[\"clean\",\"clean\",\"ADJ\",\"JJ\",[\"clean\",\"O\",\"\"]],[\"and\",\"and\",\"CCONJ\",\"CC\",[\"and\",\"O\",\"\"]],[\"pay\",\"pay\",\"VERB\",\"VB\",[\"pay\",\"O\",\"\"]],[\"your\",\"-PRON-\",\"ADJ\",\"PRP$\",[\"your\",\"O\",\"\"]],[\"bills\",\"bill\",\"NOUN\",\"NNS\",[\"bills\",\"O\",\"\"]],[\".\",\".\",\"PUNCT\",\".\",[\".\",\"O\",\"\"]],[\"It\",\"-PRON-\",\"PRON\",\"PRP\",[\"It\",\"O\",\"\"]],[\"means\",\"mean\",\"VERB\",\"VBZ\",[\"means\",\"O\",\"\"]],[\"doing\",\"do\",\"VERB\",\"VBG\",[\"doing\",\"O\",\"\"]],[\"the\",\"the\",\"DET\",\"DT\",[\"the\",\"O\",\"\"]],[\"maintenance\",\"maintenance\",\"NOUN\",\"NN\",[\"maintenance\",\"O\",\"\"]],[\"stuff\",\"stuff\",\"NOUN\",\"NN\",[\"stuff\",\"O\",\"\"]],[\"that\",\"that\",\"ADJ\",\"WDT\",[\"that\",\"O\",\"\"]],[\"keeps\",\"keep\",\"VERB\",\"VBZ\",[\"keeps\",\"O\",\"\"]],[\"you\",\"-PRON-\",\"PRON\",\"PRP\",[\"you\",\"O\",\"\"]],[\"from\",\"from\",\"ADP\",\"IN\",[\"from\",\"O\",\"\"]],[\"living\",\"live\",\"VERB\",\"VBG\",[\"living\",\"O\",\"\"]],[\"like\",\"like\",\"ADP\",\"IN\",[\"like\",\"O\",\"\"]],[\"a\",\"a\",\"DET\",\"DT\",[\"a\",\"O\",\"\"]],[\"college\",\"college\",\"NOUN\",\"NN\",[\"college\",\"O\",\"\"]],[\"student\",\"student\",\"NOUN\",\"NN\",[\"student\",\"O\",\"\"]],[\",\",\",\",\"PUNCT\",\",\",[\",\",\"O\",\"\"]],[\"and\",\"and\",\"CCONJ\",\"CC\",[\"and\",\"O\",\"\"]],[\"recognizing\",\"recognize\",\"VERB\",\"VBG\",[\"recognizing\",\"O\",\"\"]],[\"that\",\"that\",\"DET\",\"DT\",[\"that\",\"O\",\"\"]],[\"life\",\"life\",\"NOUN\",\"NN\",[\"life\",\"O\",\"\"]],[\"is\",\"be\",\"VERB\",\"VBZ\",[\"is\",\"O\",\"\"]],[\"mostly\",\"mostly\",\"ADV\",\"RB\",[\"mostly\",\"O\",\"\"]],[\"a\",\"a\",\"DET\",\"DT\",[\"a\",\"O\",\"\"]],[\"lot\",\"lot\",\"NOUN\",\"NN\",[\"lot\",\"O\",\"\"]],[\"of\",\"of\",\"ADP\",\"IN\",[\"of\",\"O\",\"\"]],[\"silly\",\"silly\",\"ADJ\",\"JJ\",[\"silly\",\"O\",\"\"]],[\"stuff\",\"stuff\",\"NOUN\",\"NN\",[\"stuff\",\"O\",\"\"]],[\"that\",\"that\",\"ADJ\",\"WDT\",[\"that\",\"O\",\"\"]],[\"adds\",\"add\",\"VERB\",\"VBZ\",[\"adds\",\"O\",\"\"]],[\"up\",\"up\",\"PART\",\"RP\",[\"up\",\"O\",\"\"]],[\"to\",\"to\",\"ADP\",\"IN\",[\"to\",\"O\",\"\"]],[\"a\",\"a\",\"DET\",\"DT\",[\"a\",\"O\",\"\"]],[\"manageable\",\"manageable\",\"ADJ\",\"JJ\",[\"manageable\",\"O\",\"\"]],[\"and\",\"and\",\"CCONJ\",\"CC\",[\"and\",\"O\",\"\"]],[\"enjoyable\",\"enjoyable\",\"ADJ\",\"JJ\",[\"enjoyable\",\"O\",\"\"]],[\"experience\",\"experience\",\"NOUN\",\"NN\",[\"experience\",\"O\",\"\"]],[\".\",\".\",\"PUNCT\",\".\",[\".\",\"O\",\"\"]],[\"Procrastinating\",\"procrastinate\",\"VERB\",\"VBG\",[\"Procrastinating\",\"O\",\"\"]],[\"is\",\"be\",\"VERB\",\"VBZ\",[\"is\",\"O\",\"\"]],[\"easy\",\"easy\",\"ADJ\",\"JJ\",[\"easy\",\"O\",\"\"]],[\",\",\",\",\"PUNCT\",\",\",[\",\",\"O\",\"\"]],[\"but\",\"but\",\"CCONJ\",\"CC\",[\"but\",\"O\",\"\"]],[\"it[.\",\"it[.\",\"ADV\",\"RB\",[\"it[.\",\"O\",\"\"]],[\"]\",\"]\",\"PUNCT\",\"-RRB-\",[\"]\",\"O\",\"\"]],[\"a\",\"a\",\"DET\",\"DT\",[\"a\",\"O\",\"\"]],[\"lot\",\"lot\",\"NOUN\",\"NN\",[\"lot\",\"O\",\"\"]],[\"harder\",\"harder\",\"ADV\",\"RBR\",[\"harder\",\"O\",\"\"]],[\"in\",\"in\",\"ADP\",\"IN\",[\"in\",\"O\",\"\"]],[\"the\",\"the\",\"DET\",\"DT\",[\"the\",\"O\",\"\"]],[\"long_term\",\"long_term\",\"NOUN\",\"NN\",[\"long_term\",\"O\",\"\"]],[\".\",\".\",\"PUNCT\",\".\",[\".\",\"O\",\"\"]],[\"\\n\\n\",\"\\n\\n\",\"SPACE\",\"_SP\",[\"\\n\\n\",\"O\",\"\"]],[\"14\",\"14\",\"NUM\",\"CD\",[\"14\",\"B\",\"CARDINAL\"]],[\".\",\".\",\"PUNCT\",\".\",[\".\",\"O\",\"\"]],[\"Besides\",\"besides\",\"ADP\",\"IN\",[\"Besides\",\"O\",\"\"]],[\"grades\",\"grade\",\"NOUN\",\"NNS\",[\"grades\",\"O\",\"\"]],[\",\",\",\",\"PUNCT\",\",\",[\",\",\"O\",\"\"]],[\"less\",\"less\",\"ADV\",\"RBR\",[\"less\",\"O\",\"\"]],[\"arbitrary\",\"arbitrary\",\"ADJ\",\"JJ\",[\"arbitrary\",\"O\",\"\"]],[\"divisions\",\"division\",\"NOUN\",\"NNS\",[\"divisions\",\"O\",\"\"]],[\"in\",\"in\",\"ADP\",\"IN\",[\"in\",\"O\",\"\"]],[\"general\",\"general\",\"ADJ\",\"JJ\",[\"general\",\"O\",\"\"]],[\".\",\".\",\"PUNCT\",\".\",[\".\",\"O\",\"\"]],[\"We\",\"-PRON-\",\"PRON\",\"PRP\",[\"We\",\"O\",\"\"]],[\"had\",\"have\",\"VERB\",\"VBD\",[\"had\",\"O\",\"\"]],[\"them\",\"-PRON-\",\"PRON\",\"PRP\",[\"them\",\"O\",\"\"]],[\"in\",\"in\",\"ADP\",\"IN\",[\"in\",\"O\",\"\"]],[\"the\",\"the\",\"DET\",\"DT\",[\"the\",\"O\",\"\"]],[\"past\",\"past\",\"NOUN\",\"NN\",[\"past\",\"O\",\"\"]],[\"because\",\"because\",\"ADP\",\"IN\",[\"because\",\"O\",\"\"]],[\"we\",\"-PRON-\",\"PRON\",\"PRP\",[\"we\",\"O\",\"\"]],[\"needed\",\"need\",\"VERB\",\"VBD\",[\"needed\",\"O\",\"\"]],[\"rubrics\",\"rubric\",\"NOUN\",\"NNS\",[\"rubrics\",\"O\",\"\"]],[\",\",\",\",\"PUNCT\",\",\",[\",\",\"O\",\"\"]],[\"but\",\"but\",\"CCONJ\",\"CC\",[\"but\",\"O\",\"\"]],[\"smart\",\"smart\",\"ADJ\",\"JJ\",[\"smart\",\"O\",\"\"]],[\"people\",\"people\",\"NOUN\",\"NNS\",[\"people\",\"O\",\"\"]],[\"should\",\"should\",\"VERB\",\"MD\",[\"should\",\"O\",\"\"]],[\"be\",\"be\",\"VERB\",\"VB\",[\"be\",\"O\",\"\"]],[\"able\",\"able\",\"ADJ\",\"JJ\",[\"able\",\"O\",\"\"]],[\"to\",\"to\",\"PART\",\"TO\",[\"to\",\"O\",\"\"]],[\"come\",\"come\",\"VERB\",\"VB\",[\"come\",\"O\",\"\"]],[\"up\",\"up\",\"PART\",\"RP\",[\"up\",\"O\",\"\"]],[\"with\",\"with\",\"ADP\",\"IN\",[\"with\",\"O\",\"\"]],[\"specific\",\"specific\",\"ADJ\",\"JJ\",[\"specific\",\"O\",\"\"]],[\"tests\",\"test\",\"NOUN\",\"NNS\",[\"tests\",\"O\",\"\"]],[\"for\",\"for\",\"ADP\",\"IN\",[\"for\",\"O\",\"\"]],[\"aptitude\",\"aptitude\",\"NOUN\",\"NN\",[\"aptitude\",\"O\",\"\"]],[\".\",\".\",\"PUNCT\",\".\",[\".\",\"O\",\"\"]],[\"Voting\",\"voting\",\"NOUN\",\"NN\",[\"Voting\",\"O\",\"\"]],[\"should\",\"should\",\"VERB\",\"MD\",[\"should\",\"O\",\"\"]],[\"be\",\"be\",\"VERB\",\"VB\",[\"be\",\"O\",\"\"]],[\"based\",\"base\",\"VERB\",\"VBN\",[\"based\",\"O\",\"\"]],[\"on\",\"on\",\"ADP\",\"IN\",[\"on\",\"O\",\"\"]],[\"an\",\"an\",\"DET\",\"DT\",[\"an\",\"O\",\"\"]],[\"ability\",\"ability\",\"NOUN\",\"NN\",[\"ability\",\"O\",\"\"]],[\"to\",\"to\",\"PART\",\"TO\",[\"to\",\"O\",\"\"]],[\"understand\",\"understand\",\"VERB\",\"VB\",[\"understand\",\"O\",\"\"]],[\"civics\",\"civic\",\"NOUN\",\"NNS\",[\"civics\",\"O\",\"\"]],[\",\",\",\",\"PUNCT\",\",\",[\",\",\"O\",\"\"]],[\"and\",\"and\",\"CCONJ\",\"CC\",[\"and\",\"O\",\"\"]],[\"that\",\"that\",\"DET\",\"DT\",[\"that\",\"O\",\"\"]],[\"should\",\"should\",\"VERB\",\"MD\",[\"should\",\"O\",\"\"]],[\"be\",\"be\",\"VERB\",\"VB\",[\"be\",\"O\",\"\"]],[\"tied\",\"tie\",\"VERB\",\"VBN\",[\"tied\",\"O\",\"\"]],[\"to\",\"to\",\"ADP\",\"IN\",[\"to\",\"O\",\"\"]],[\"driving\",\"drive\",\"VERB\",\"VBG\",[\"driving\",\"O\",\"\"]],[\".\",\".\",\"PUNCT\",\".\",[\".\",\"O\",\"\"]],[\"Or\",\"or\",\"CCONJ\",\"CC\",[\"Or\",\"O\",\"\"]],[\"holding\",\"hold\",\"VERB\",\"VBG\",[\"holding\",\"O\",\"\"]],[\"down\",\"down\",\"PART\",\"RP\",[\"down\",\"O\",\"\"]],[\"a\",\"a\",\"DET\",\"DT\",[\"a\",\"O\",\"\"]],[\"job\",\"job\",\"NOUN\",\"NN\",[\"job\",\"O\",\"\"]],[\"should\",\"should\",\"VERB\",\"MD\",[\"should\",\"O\",\"\"]],[\"be\",\"be\",\"VERB\",\"VB\",[\"be\",\"O\",\"\"]],[\"tied\",\"tie\",\"VERB\",\"VBN\",[\"tied\",\"O\",\"\"]],[\"to\",\"to\",\"ADP\",\"IN\",[\"to\",\"O\",\"\"]],[\"driving\",\"drive\",\"VERB\",\"VBG\",[\"driving\",\"O\",\"\"]],[\".\",\".\",\"PUNCT\",\".\",[\".\",\"O\",\"\"]],[\"The\",\"the\",\"DET\",\"DT\",[\"The\",\"O\",\"\"]],[\"testing\",\"testing\",\"NOUN\",\"NN\",[\"testing\",\"O\",\"\"]],[\"regime\",\"regime\",\"NOUN\",\"NN\",[\"regime\",\"O\",\"\"]],[\"should\",\"should\",\"VERB\",\"MD\",[\"should\",\"O\",\"\"]],[\"measure\",\"measure\",\"VERB\",\"VB\",[\"measure\",\"O\",\"\"]],[\"kids\",\"kid\",\"NOUN\",\"NNS\",[\"kids\",\"O\",\"\"]],[\"'\",\"'\",\"PART\",\"POS\",[\"'\",\"O\",\"\"]],[\"ability\",\"ability\",\"NOUN\",\"NN\",[\"ability\",\"O\",\"\"]],[\"to\",\"to\",\"PART\",\"TO\",[\"to\",\"O\",\"\"]],[\"be\",\"be\",\"VERB\",\"VB\",[\"be\",\"O\",\"\"]],[\"responsible\",\"responsible\",\"ADJ\",\"JJ\",[\"responsible\",\"O\",\"\"]],[\"members\",\"member\",\"NOUN\",\"NNS\",[\"members\",\"O\",\"\"]],[\"of\",\"of\",\"ADP\",\"IN\",[\"of\",\"O\",\"\"]],[\"society\",\"society\",\"NOUN\",\"NN\",[\"society\",\"O\",\"\"]],[\",\",\",\",\"PUNCT\",\",\",[\",\",\"O\",\"\"]],[\"not\",\"not\",\"ADV\",\"RB\",[\"not\",\"O\",\"\"]],[\"assume\",\"assume\",\"VERB\",\"VB\",[\"assume\",\"O\",\"\"]],[\"that\",\"that\",\"ADP\",\"IN\",[\"that\",\"O\",\"\"]],[\"they\",\"-PRON-\",\"PRON\",\"PRP\",[\"they\",\"O\",\"\"]],[\"'re\",\"be\",\"VERB\",\"VBP\",[\"'re\",\"O\",\"\"]],[\"responsible\",\"responsible\",\"ADJ\",\"JJ\",[\"responsible\",\"O\",\"\"]],[\"because\",\"because\",\"ADP\",\"IN\",[\"because\",\"O\",\"\"]],[\"they\",\"-PRON-\",\"PRON\",\"PRP\",[\"they\",\"O\",\"\"]],[\"'ve\",\"have\",\"VERB\",\"VB\",[\"'ve\",\"O\",\"\"]],[\"reached\",\"reach\",\"VERB\",\"VBN\",[\"reached\",\"O\",\"\"]],[\"a\",\"a\",\"DET\",\"DT\",[\"a\",\"O\",\"\"]],[\"certain\",\"certain\",\"ADJ\",\"JJ\",[\"certain\",\"O\",\"\"]],[\"age\",\"age\",\"NOUN\",\"NN\",[\"age\",\"O\",\"\"]],[\".\",\".\",\"PUNCT\",\".\",[\".\",\"O\",\"\"]],[\"\\n\\n\",\"\\n\\n\",\"SPACE\",\"_SP\",[\"\\n\\n\",\"O\",\"\"]],[\"That[.\",\"that[.\",\"PROPN\",\"NNP\",[\"That[.\",\"O\",\"\"]],[\"]\",\"]\",\"PUNCT\",\"-RRB-\",[\"]\",\"O\",\"\"]],[\"the\",\"the\",\"DET\",\"DT\",[\"the\",\"O\",\"\"]],[\"top\",\"top\",\"NOUN\",\"NN\",[\"top\",\"O\",\"\"]],[\"of\",\"of\",\"ADP\",\"IN\",[\"of\",\"O\",\"\"]],[\"my\",\"-PRON-\",\"ADJ\",\"PRP$\",[\"my\",\"O\",\"\"]],[\"head\",\"head\",\"NOUN\",\"NN\",[\"head\",\"O\",\"\"]],[\".\",\".\",\"PUNCT\",\".\",[\".\",\"O\",\"\"]],[\"I\",\"-PRON-\",\"PRON\",\"PRP\",[\"I\",\"O\",\"\"]],[\"might\",\"may\",\"VERB\",\"MD\",[\"might\",\"O\",\"\"]],[\"post\",\"post\",\"VERB\",\"VB\",[\"post\",\"O\",\"\"]],[\"more\",\"more\",\"ADV\",\"RBR\",[\"more\",\"O\",\"\"]],[\"here\",\"here\",\"ADV\",\"RB\",[\"here\",\"O\",\"\"]],[\"if\",\"if\",\"ADP\",\"IN\",[\"if\",\"O\",\"\"]],[\"I\",\"-PRON-\",\"PRON\",\"PRP\",[\"I\",\"O\",\"\"]],[\"come\",\"come\",\"VERB\",\"VBP\",[\"come\",\"O\",\"\"]],[\"up\",\"up\",\"PART\",\"RP\",[\"up\",\"O\",\"\"]],[\"with\",\"with\",\"ADP\",\"IN\",[\"with\",\"O\",\"\"]],[\"anything\",\"anything\",\"NOUN\",\"NN\",[\"anything\",\"O\",\"\"]],[\".\",\".\",\"PUNCT\",\".\",[\".\",\"O\",\"\"]],[\"Is\",\"be\",\"VERB\",\"VBZ\",[\"Is\",\"O\",\"\"]],[\"that\",\"that\",\"DET\",\"DT\",[\"that\",\"O\",\"\"]],[\"a\",\"a\",\"DET\",\"DT\",[\"a\",\"O\",\"\"]],[\"good\",\"good\",\"ADJ\",\"JJ\",[\"good\",\"O\",\"\"]],[\"start\",\"start\",\"NOUN\",\"NN\",[\"start\",\"O\",\"\"]],[\"?\",\"?\",\"PUNCT\",\".\",[\"?\",\"O\",\"\"]]]", "token_count": 66183}